,Alberta,British Columbia,Manitoba,New Brunswick,Newfoundland and Labrador,Northwest Territories,Nova Scotia,Nunavut,Ontario,Prince Edward Island,Quebec,Saskatchewan,Yukon,total
2020-01-22,0.0,0.0,0.0,0.0,0.0,0.0,0.0,0.0,0.0,0.0,0.0,0.0,0.0,0.0
2020-01-23,0.0,0.0,0.0,0.0,0.0,0.0,0.0,0.0,2.0,0.0,0.0,0.0,0.0,2.0
2020-01-24,0.0,0.0,0.0,0.0,0.0,0.0,0.0,0.0,1.0,0.0,0.0,0.0,0.0,1.0
2020-01-25,0.0,0.0,0.0,0.0,0.0,0.0,0.0,0.0,0.0,0.0,0.0,0.0,0.0,0.0
2020-01-26,0.0,0.0,0.0,0.0,0.0,0.0,0.0,0.0,0.0,0.0,0.0,0.0,0.0,0.0
2020-01-27,0.0,0.0,0.0,0.0,0.0,0.0,0.0,0.0,0.0,0.0,0.0,0.0,0.0,0.0
2020-01-28,0.0,1.0,0.0,0.0,0.0,0.0,0.0,0.0,0.0,0.0,0.0,0.0,0.0,1.0
2020-01-29,0.0,0.0,0.0,0.0,0.0,0.0,0.0,0.0,0.0,0.0,0.0,0.0,0.0,0.0
2020-01-30,0.0,0.0,0.0,0.0,0.0,0.0,0.0,0.0,0.0,0.0,0.0,0.0,0.0,0.0
2020-01-31,0.0,0.0,0.0,0.0,0.0,0.0,0.0,0.0,0.0,0.0,0.0,0.0,0.0,0.0
2020-02-01,0.0,0.0,0.0,0.0,0.0,0.0,0.0,0.0,0.0,0.0,0.0,0.0,0.0,0.0
2020-02-02,0.0,0.0,0.0,0.0,0.0,0.0,0.0,0.0,0.0,0.0,0.0,0.0,0.0,0.0
2020-02-03,0.0,0.0,0.0,0.0,0.0,0.0,0.0,0.0,0.0,0.0,0.0,0.0,0.0,0.0
2020-02-04,0.0,0.0,0.0,0.0,0.0,0.0,0.0,0.0,1.0,0.0,0.0,0.0,0.0,1.0
2020-02-05,0.0,1.0,0.0,0.0,0.0,0.0,0.0,0.0,0.0,0.0,0.0,0.0,0.0,1.0
2020-02-06,0.0,0.0,0.0,0.0,0.0,0.0,0.0,0.0,0.0,0.0,0.0,0.0,0.0,0.0
2020-02-07,0.0,2.0,0.0,0.0,0.0,0.0,0.0,0.0,0.0,0.0,0.0,0.0,0.0,2.0
2020-02-08,0.0,0.0,0.0,0.0,0.0,0.0,0.0,0.0,0.0,0.0,0.0,0.0,0.0,0.0
2020-02-09,0.0,0.0,0.0,0.0,0.0,0.0,0.0,0.0,0.0,0.0,0.0,0.0,0.0,0.0
2020-02-10,0.0,0.0,0.0,0.0,0.0,0.0,0.0,0.0,1.0,0.0,0.0,0.0,0.0,1.0
2020-02-11,0.0,0.0,0.0,0.0,0.0,0.0,0.0,0.0,0.0,0.0,0.0,0.0,0.0,0.0
2020-02-12,0.0,0.0,0.0,0.0,0.0,0.0,0.0,0.0,0.0,0.0,0.0,0.0,0.0,0.0
2020-02-13,0.0,0.0,0.0,0.0,0.0,0.0,0.0,0.0,0.0,0.0,0.0,0.0,0.0,0.0
2020-02-14,0.0,0.0,0.0,0.0,0.0,0.0,0.0,0.0,0.0,0.0,0.0,0.0,0.0,0.0
2020-02-15,0.0,0.0,0.0,0.0,0.0,0.0,0.0,0.0,0.0,0.0,0.0,0.0,0.0,0.0
2020-02-16,0.0,0.0,0.0,0.0,0.0,0.0,0.0,0.0,0.0,0.0,0.0,0.0,0.0,0.0
2020-02-17,0.0,1.0,0.0,0.0,0.0,0.0,0.0,0.0,0.0,0.0,0.0,0.0,0.0,1.0
2020-02-18,0.0,0.0,0.0,0.0,0.0,0.0,0.0,0.0,0.0,0.0,0.0,0.0,0.0,0.0
2020-02-19,0.0,0.0,0.0,0.0,0.0,0.0,0.0,0.0,0.0,0.0,0.0,0.0,0.0,0.0
2020-02-20,0.0,0.0,0.0,0.0,0.0,0.0,0.0,0.0,1.0,0.0,0.0,0.0,0.0,1.0
2020-02-21,0.0,1.0,0.0,0.0,0.0,0.0,0.0,0.0,1.0,0.0,0.0,0.0,0.0,2.0
2020-02-22,0.0,0.0,0.0,0.0,0.0,0.0,0.0,0.0,1.0,0.0,0.0,0.0,0.0,1.0
2020-02-23,0.0,0.0,0.0,0.0,0.0,0.0,0.0,0.0,1.0,0.0,0.0,0.0,0.0,1.0
2020-02-24,0.0,0.0,0.0,0.0,0.0,0.0,0.0,0.0,1.0,0.0,0.0,0.0,0.0,1.0
2020-02-25,0.0,1.0,0.0,0.0,0.0,0.0,0.0,0.0,1.0,0.0,1.0,0.0,0.0,3.0
2020-02-26,0.0,0.0,0.0,0.0,0.0,0.0,0.0,0.0,1.0,0.0,0.0,0.0,0.0,1.0
2020-02-27,0.0,0.0,0.0,0.0,0.0,0.0,0.0,0.0,2.0,0.0,0.0,0.0,0.0,2.0
2020-02-28,0.0,0.0,0.0,0.0,0.0,0.0,0.0,0.0,5.0,0.0,1.0,0.0,0.0,6.0
2020-02-29,0.0,1.0,0.0,0.0,0.0,0.0,0.0,0.0,4.0,0.0,0.0,0.0,0.0,5.0
2020-03-01,0.0,0.0,0.0,0.0,0.0,0.0,0.0,0.0,4.0,0.0,1.0,0.0,0.0,5.0
2020-03-02,0.0,0.0,0.0,0.0,0.0,0.0,0.0,0.0,4.0,0.0,3.0,0.0,0.0,7.0
2020-03-03,0.0,1.0,0.0,0.0,0.0,0.0,0.0,0.0,3.0,0.0,2.0,0.0,0.0,6.0
2020-03-04,0.0,3.0,0.0,0.0,0.0,0.0,0.0,0.0,3.0,0.0,2.0,0.0,0.0,8.0
2020-03-05,0.0,1.0,0.0,0.0,0.0,0.0,0.0,0.0,10.0,0.0,1.0,0.0,0.0,12.0
2020-03-06,1.0,8.0,0.0,0.0,0.0,0.0,0.0,0.0,8.0,0.0,2.0,0.0,0.0,19.0
2020-03-07,1.0,0.0,0.0,0.0,0.0,0.0,0.0,0.0,7.0,0.0,0.0,0.0,0.0,8.0
2020-03-08,2.0,6.0,0.0,0.0,0.0,0.0,0.0,0.0,13.0,0.0,1.0,0.0,0.0,22.0
2020-03-09,3.0,5.0,0.0,0.0,0.0,0.0,0.0,0.0,15.0,0.0,1.0,0.0,0.0,24.0
2020-03-10,0.0,0.0,0.0,0.0,0.0,0.0,0.0,0.0,19.0,0.0,2.0,0.0,0.0,21.0
2020-03-11,12.0,7.0,0.0,1.0,0.0,0.0,0.0,0.0,33.0,0.0,10.0,0.0,0.0,63.0
2020-03-12,0.0,7.0,0.0,0.0,0.0,0.0,0.0,0.0,48.0,0.0,6.0,0.0,0.0,61.0
2020-03-13,10.0,18.0,4.0,0.0,0.0,0.0,0.0,0.0,57.0,0.0,4.0,2.0,0.0,95.0
2020-03-14,0.0,0.0,0.0,0.0,0.0,0.0,0.0,0.0,49.0,0.0,18.0,0.0,0.0,67.0
2020-03-15,10.0,9.0,0.0,1.0,1.0,0.0,0.0,0.0,61.0,1.0,13.0,0.0,0.0,96.0
2020-03-16,17.0,30.0,3.0,4.0,0.0,0.0,5.0,0.0,70.0,0.0,17.0,5.0,0.0,151.0
2020-03-17,18.0,0.0,1.0,2.0,2.0,0.0,2.0,0.0,80.0,0.0,43.0,0.0,0.0,148.0
2020-03-18,23.0,83.0,7.0,3.0,0.0,0.0,5.0,0.0,79.0,0.0,41.0,1.0,0.0,242.0
2020-03-19,22.0,45.0,2.0,0.0,0.0,0.0,2.0,0.0,99.0,1.0,73.0,8.0,0.0,252.0
2020-03-20,27.0,40.0,0.0,0.0,1.0,0.0,1.0,0.0,140.0,0.0,129.0,4.0,0.0,342.0
2020-03-21,49.0,153.0,1.0,6.0,2.0,0.0,6.0,0.0,94.0,0.0,186.0,6.0,0.0,503.0
2020-03-22,64.0,0.0,2.0,0.0,3.0,1.0,7.0,0.0,112.0,1.0,238.0,26.0,0.0,454.0
2020-03-23,42.0,48.0,0.0,0.0,15.0,0.0,13.0,0.0,169.0,0.0,345.0,14.0,0.0,646.0
2020-03-24,58.0,145.0,1.0,1.0,11.0,0.0,10.0,0.0,199.0,0.0,268.0,6.0,0.0,699.0
2020-03-25,0.0,0.0,14.0,0.0,0.0,0.0,17.0,0.0,161.0,2.0,366.0,14.0,0.0,574.0
2020-03-26,128.0,108.0,1.0,15.0,47.0,0.0,5.0,0.0,259.0,0.0,366.0,9.0,3.0,941.0
2020-03-27,56.0,0.0,3.0,12.0,20.0,0.0,17.0,0.0,297.0,4.0,451.0,9.0,0.0,869.0
2020-03-28,0.0,159.0,25.0,6.0,18.0,0.0,20.0,0.0,253.0,2.0,416.0,30.0,1.0,930.0
2020-03-29,79.0,0.0,8.0,15.0,15.0,0.0,12.0,0.0,239.0,0.0,568.0,0.0,0.0,936.0
2020-03-30,40.0,86.0,24.0,2.0,13.0,0.0,5.0,0.0,436.0,7.0,578.0,41.0,0.0,1232.0
2020-03-31,29.0,43.0,7.0,2.0,4.0,0.0,20.0,0.0,387.0,3.0,728.0,9.0,1.0,1233.0
2020-04-01,64.0,0.0,24.0,11.0,23.0,1.0,26.0,0.0,457.0,0.0,697.0,9.0,0.0,1312.0
2020-04-02,215.0,108.0,40.0,10.0,8.0,0.0,20.0,0.0,428.0,1.0,875.0,13.0,1.0,1719.0
2020-04-03,0.0,53.0,15.0,0.0,0.0,2.0,14.0,0.0,464.0,0.0,770.0,14.0,0.0,1332.0
2020-04-04,106.0,29.0,0.0,0.0,12.0,0.0,29.0,0.0,343.0,0.0,806.0,11.0,0.0,1336.0
2020-04-05,106.0,0.0,21.0,7.0,22.0,0.0,26.0,0.0,355.0,0.0,634.0,18.0,0.0,1189.0
2020-04-06,69.0,63.0,0.0,5.0,9.0,1.0,31.0,0.0,444.0,0.0,875.0,4.0,0.0,1501.0
2020-04-07,123.0,0.0,14.0,2.0,2.0,0.0,17.0,0.0,434.0,0.0,788.0,7.0,1.0,1388.0
2020-04-08,0.0,25.0,0.0,0.0,4.0,0.0,32.0,0.0,475.0,3.0,686.0,11.0,0.0,1236.0
2020-04-09,50.0,45.0,4.0,3.0,4.0,0.0,31.0,0.0,488.0,0.0,748.0,7.0,0.0,1380.0
2020-04-10,28.0,34.0,9.0,4.0,3.0,0.0,34.0,0.0,389.0,0.0,635.0,7.0,1.0,1144.0
2020-04-11,116.0,75.0,13.0,0.0,2.0,0.0,21.0,0.0,480.0,0.0,665.0,4.0,0.0,1376.0
2020-04-12,0.0,0.0,0.0,2.0,1.0,0.0,17.0,0.0,524.0,0.0,790.0,9.0,0.0,1343.0
2020-04-13,165.0,45.0,4.0,2.0,2.0,0.0,29.0,0.0,584.0,0.0,964.0,2.0,0.0,1797.0
2020-04-14,138.0,0.0,0.0,0.0,0.0,0.0,43.0,0.0,545.0,0.0,962.0,1.0,0.0,1689.0
2020-04-15,0.0,27.0,0.0,1.0,3.0,0.0,32.0,0.0,582.0,1.0,1098.0,3.0,0.0,1747.0
2020-04-16,126.0,44.0,4.0,0.0,5.0,0.0,30.0,0.0,592.0,0.0,964.0,1.0,0.0,1766.0
2020-04-17,401.0,14.0,0.0,0.0,4.0,0.0,27.0,0.0,656.0,0.0,1022.0,2.0,0.0,2126.0
2020-04-18,165.0,43.0,3.0,0.0,0.0,0.0,43.0,0.0,602.0,0.0,663.0,6.0,1.0,1526.0
2020-04-19,241.0,29.0,1.0,1.0,0.0,0.0,26.0,0.0,580.0,0.0,820.0,2.0,0.0,1700.0
2020-04-20,105.0,0.0,0.0,0.0,0.0,0.0,46.0,0.0,649.0,0.0,909.0,1.0,2.0,1712.0
2020-04-21,187.0,77.0,1.0,0.0,0.0,0.0,16.0,0.0,499.0,0.0,806.0,4.0,0.0,1590.0
2020-04-22,306.0,71.0,2.0,0.0,0.0,0.0,35.0,0.0,541.0,0.0,885.0,6.0,0.0,1846.0
2020-04-23,319.0,29.0,5.0,0.0,0.0,0.0,55.0,0.0,490.0,0.0,906.0,5.0,0.0,1809.0
2020-04-24,297.0,29.0,1.0,0.0,0.0,0.0,23.0,0.0,425.0,0.0,855.0,10.0,0.0,1640.0
2020-04-25,216.0,95.0,4.0,0.0,1.0,0.0,15.0,0.0,481.0,0.0,762.0,8.0,0.0,1582.0
2020-04-26,247.0,0.0,4.0,0.0,1.0,0.0,8.0,0.0,335.0,0.0,612.0,4.0,0.0,1211.0
2020-04-27,216.0,50.0,2.0,0.0,0.0,0.0,27.0,0.0,439.0,0.0,910.0,12.0,0.0,1656.0
2020-04-28,154.0,55.0,0.0,0.0,0.0,0.0,15.0,0.0,377.0,1.0,920.0,1.0,0.0,1523.0
2020-04-29,315.0,34.0,2.0,0.0,0.0,0.0,20.0,0.0,403.0,0.0,898.0,17.0,0.0,1689.0
2020-04-30,190.0,25.0,2.0,0.0,0.0,0.0,12.0,0.0,401.0,0.0,1003.0,6.0,0.0,1639.0
2020-05-01,218.0,33.0,4.0,0.0,1.0,0.0,12.0,0.0,463.0,0.0,1053.0,26.0,0.0,1810.0
2020-05-02,97.0,26.0,1.0,0.0,0.0,0.0,4.0,0.0,323.0,0.0,899.0,6.0,0.0,1356.0
2020-05-03,96.0,0.0,0.0,0.0,0.0,0.0,8.0,0.0,352.0,0.0,791.0,12.0,0.0,1259.0
2020-05-04,70.0,53.0,1.0,0.0,0.0,0.0,14.0,0.0,339.0,0.0,865.0,34.0,0.0,1376.0
2020-05-05,57.0,8.0,1.0,1.0,0.0,0.0,6.0,0.0,409.0,0.0,893.0,20.0,0.0,1395.0
2020-05-06,70.0,23.0,2.0,1.0,0.0,0.0,7.0,0.0,355.0,0.0,1033.0,25.0,0.0,1516.0
2020-05-07,54.0,33.0,0.0,0.0,1.0,0.0,9.0,0.0,307.0,0.0,851.0,19.0,0.0,1274.0
2020-05-08,81.0,27.0,1.0,0.0,0.0,0.0,1.0,0.0,299.0,0.0,778.0,13.0,0.0,1200.0
2020-05-09,59.0,15.0,0.0,0.0,0.0,0.0,3.0,0.0,308.0,0.0,752.0,9.0,0.0,1146.0
2020-05-10,96.0,0.0,3.0,0.0,0.0,0.0,7.0,0.0,268.0,0.0,653.0,11.0,0.0,1038.0
2020-05-11,47.0,23.0,2.0,0.0,0.0,0.0,1.0,0.0,222.0,0.0,725.0,4.0,0.0,1024.0
2020-05-12,45.0,7.0,1.0,0.0,0.0,0.0,1.0,0.0,261.0,0.0,797.0,5.0,0.0,1117.0
2020-05-13,62.0,16.0,0.0,0.0,0.0,0.0,4.0,0.0,361.0,0.0,780.0,4.0,0.0,1227.0
2020-05-14,50.0,16.0,0.0,0.0,0.0,0.0,2.0,0.0,338.0,0.0,700.0,5.0,0.0,1111.0
2020-05-15,58.0,15.0,0.0,0.0,0.0,0.0,8.0,0.0,400.0,0.0,782.0,8.0,0.0,1271.0
2020-05-16,72.0,21.0,0.0,0.0,0.0,0.0,3.0,0.0,362.0,0.0,696.0,1.0,0.0,1155.0
2020-05-17,57.0,0.0,0.0,0.0,0.0,0.0,3.0,0.0,416.0,0.0,731.0,1.0,0.0,1208.0
2020-05-18,39.0,16.0,1.0,0.0,0.0,0.0,3.0,0.0,357.0,0.0,670.0,0.0,0.0,1086.0
2020-05-19,33.0,2.0,0.0,0.0,0.0,0.0,1.0,0.0,321.0,0.0,638.0,7.0,0.0,1002.0
2020-05-20,19.0,21.0,0.0,0.0,0.0,0.0,1.0,0.0,393.0,0.0,801.0,21.0,0.0,1256.0
2020-05-21,33.0,12.0,0.0,1.0,0.0,0.0,1.0,0.0,351.0,0.0,715.0,2.0,0.0,1115.0
2020-05-22,32.0,28.0,2.0,0.0,0.0,0.0,2.0,0.0,416.0,0.0,605.0,5.0,0.0,1090.0
2020-05-23,18.0,10.0,0.0,0.0,0.0,0.0,1.0,0.0,373.0,0.0,502.0,3.0,0.0,907.0
2020-05-24,42.0,0.0,0.0,0.0,0.0,0.0,1.0,0.0,364.0,0.0,544.0,2.0,0.0,953.0
2020-05-25,19.0,13.0,0.0,0.0,0.0,0.0,1.0,0.0,421.0,0.0,508.0,2.0,0.0,964.0
2020-05-26,22.0,11.0,0.0,1.0,0.0,0.0,1.0,0.0,284.0,0.0,448.0,0.0,0.0,767.0
2020-05-27,25.0,9.0,0.0,1.0,0.0,0.0,1.0,0.0,326.0,0.0,520.0,3.0,0.0,885.0
2020-05-28,29.0,8.0,2.0,3.0,1.0,0.0,2.0,0.0,325.0,0.0,415.0,2.0,0.0,787.0
2020-05-29,24.0,4.0,0.0,2.0,0.0,0.0,0.0,0.0,614.0,0.0,423.0,2.0,0.0,1069.0
2020-05-30,13.0,11.0,0.0,1.0,0.0,0.0,1.0,0.0,334.0,0.0,398.0,4.0,0.0,762.0
2020-05-31,18.0,0.0,1.0,3.0,0.0,0.0,0.0,0.0,414.0,0.0,293.0,1.0,0.0,730.0
2020-06-01,34.0,24.0,0.0,0.0,0.0,0.0,1.0,0.0,409.0,0.0,328.0,0.0,0.0,796.0
2020-06-02,13.0,4.0,2.0,1.0,0.0,0.0,0.0,0.0,380.0,0.0,228.0,0.0,0.0,628.0
2020-06-03,19.0,22.0,1.0,2.0,0.0,0.0,1.0,0.0,359.0,0.0,277.0,1.0,0.0,682.0
2020-06-04,15.0,9.0,0.0,1.0,0.0,0.0,0.0,0.0,300.0,0.0,256.0,1.0,0.0,582.0
2020-06-05,7.0,0.0,2.0,0.0,0.0,0.0,0.0,0.0,274.0,0.0,243.0,1.0,0.0,527.0
2020-06-06,40.0,0.0,0.0,0.0,0.0,0.0,0.0,0.0,237.0,0.0,246.0,1.0,0.0,524.0
2020-06-07,0.0,0.0,0.0,1.0,0.0,0.0,1.0,0.0,221.0,0.0,189.0,0.0,0.0,412.0
2020-06-08,64.0,27.0,0.0,9.0,0.0,0.0,0.0,0.0,229.0,0.0,118.0,4.0,0.0,451.0
2020-06-09,27.0,10.0,0.0,1.0,0.0,0.0,1.0,0.0,228.0,0.0,165.0,2.0,0.0,434.0
2020-06-10,47.0,11.0,0.0,4.0,0.0,0.0,1.0,0.0,253.0,0.0,172.0,2.0,0.0,490.0
2020-06-11,40.0,14.0,0.0,2.0,0.0,0.0,0.0,0.0,200.0,0.0,154.0,2.0,0.0,412.0
2020-06-12,30.0,15.0,1.0,1.0,0.0,0.0,0.0,0.0,236.0,0.0,175.0,3.0,0.0,461.0
2020-06-13,37.0,0.0,2.0,3.0,0.0,0.0,0.0,0.0,177.0,0.0,121.0,1.0,0.0,341.0
2020-06-14,50.0,0.0,1.0,0.0,0.0,0.0,0.0,0.0,156.0,0.0,94.0,1.0,0.0,302.0
2020-06-15,20.0,36.0,0.0,3.0,0.0,0.0,0.0,0.0,188.0,0.0,112.0,18.0,0.0,377.0
2020-06-16,29.0,11.0,0.0,3.0,0.0,0.0,0.0,0.0,181.0,0.0,134.0,1.0,0.0,359.0
2020-06-17,48.0,19.0,2.0,1.0,0.0,0.0,0.0,0.0,188.0,0.0,121.0,9.0,0.0,388.0
2020-06-18,49.0,8.0,2.0,0.0,0.0,0.0,0.0,0.0,197.0,0.0,135.0,15.0,0.0,406.0
2020-06-19,46.0,7.0,3.0,0.0,0.0,0.0,0.0,0.0,191.0,0.0,133.0,8.0,0.0,388.0
2020-06-20,48.0,0.0,2.0,0.0,0.0,0.0,0.0,0.0,160.0,0.0,95.0,10.0,0.0,315.0
2020-06-21,31.0,0.0,0.0,0.0,0.0,0.0,0.0,0.0,176.0,0.0,81.0,20.0,0.0,308.0
2020-06-22,32.0,32.0,1.0,0.0,0.0,0.0,0.0,0.0,200.0,0.0,85.0,5.0,0.0,355.0
2020-06-23,45.0,13.0,0.0,1.0,0.0,0.0,0.0,0.0,163.0,0.0,94.0,2.0,0.0,318.0
2020-06-24,44.0,14.0,1.0,0.0,0.0,0.0,0.0,0.0,168.0,0.0,89.0,4.0,0.0,320.0
2020-06-25,26.0,20.0,1.0,0.0,0.0,0.0,0.0,0.0,155.0,0.0,90.0,2.0,0.0,294.0
2020-06-26,37.0,9.0,2.0,0.0,0.0,0.0,0.0,0.0,181.0,0.0,85.0,13.0,0.0,327.0
2020-06-27,69.0,0.0,4.0,0.0,0.0,0.0,0.0,0.0,236.0,0.0,88.0,5.0,0.0,402.0
2020-06-28,39.0,0.0,0.0,0.0,0.0,0.0,0.0,0.0,215.0,0.0,58.0,1.0,0.0,313.0
2020-06-29,71.0,26.0,2.0,0.0,0.0,0.0,0.0,0.0,138.0,0.0,58.0,1.0,0.0,296.0
2020-06-30,41.0,12.0,1.0,0.0,0.0,0.0,1.0,0.0,175.0,0.0,98.0,6.0,0.0,334.0
2020-07-01,0.0,0.0,0.0,0.0,0.0,0.0,0.0,0.0,149.0,0.0,73.0,0.0,0.0,222.0
2020-07-02,94.0,24.0,0.0,0.0,0.0,0.0,2.0,0.0,149.0,0.0,70.0,10.0,0.0,349.0
2020-07-03,57.0,7.0,0.0,0.0,0.0,0.0,0.0,0.0,163.0,0.0,90.0,1.0,0.0,318.0
2020-07-04,0.0,0.0,0.0,0.0,0.0,0.0,0.0,0.0,133.0,3.0,92.0,0.0,0.0,228.0
2020-07-05,0.0,0.0,0.0,0.0,0.0,0.0,0.0,0.0,98.0,2.0,57.0,0.0,0.0,157.0
2020-07-06,130.0,31.0,0.0,0.0,0.0,0.0,1.0,0.0,113.0,0.0,68.0,9.0,0.0,352.0
2020-07-07,47.0,12.0,0.0,0.0,0.0,0.0,0.0,0.0,146.0,0.0,107.0,1.0,0.0,313.0
2020-07-08,46.0,18.0,0.0,0.0,0.0,0.0,1.0,0.0,154.0,0.0,100.0,2.0,0.0,321.0
2020-07-09,37.0,20.0,0.0,1.0,0.0,0.0,0.0,0.0,140.0,1.0,130.0,5.0,0.0,334.0
2020-07-10,77.0,25.0,0.0,0.0,1.0,0.0,0.0,0.0,131.0,0.0,112.0,2.0,0.0,348.0
2020-07-11,0.0,0.0,0.0,0.0,0.0,0.0,0.0,0.0,139.0,0.0,101.0,0.0,0.0,240.0
2020-07-12,0.0,0.0,0.0,0.0,0.0,0.0,0.0,0.0,138.0,1.0,75.0,0.0,0.0,214.0
2020-07-13,230.0,0.0,0.0,0.0,0.0,0.0,0.0,0.0,118.0,1.0,137.0,56.0,0.0,542.0
2020-07-14,86.0,75.0,5.0,1.0,0.0,0.0,0.0,0.0,123.0,1.0,130.0,5.0,0.0,426.0
2020-07-15,82.0,21.0,0.0,1.0,0.0,0.0,1.0,0.0,149.0,0.0,147.0,5.0,0.0,406.0
2020-07-16,120.0,21.0,1.0,0.0,0.0,0.0,0.0,0.0,160.0,0.0,138.0,42.0,0.0,482.0
2020-07-17,105.0,28.0,5.0,0.0,0.0,0.0,0.0,0.0,180.0,0.0,196.0,13.0,2.0,529.0
2020-07-18,0.0,0.0,1.0,0.0,0.0,0.0,0.0,0.0,190.0,0.0,188.0,5.0,0.0,384.0
2020-07-19,0.0,0.0,6.0,1.0,0.0,0.0,0.0,0.0,116.0,0.0,128.0,2.0,0.0,253.0
2020-07-20,368.0,102.0,11.0,1.0,0.0,0.0,0.0,0.0,163.0,0.0,131.0,19.0,0.0,795.0
2020-07-21,141.0,28.0,12.0,0.0,1.0,0.0,0.0,0.0,120.0,0.0,150.0,8.0,0.0,460.0
2020-07-22,0.0,0.0,8.0,0.0,1.0,0.0,0.0,0.0,139.0,0.0,174.0,60.0,0.0,382.0
2020-07-23,247.0,64.0,1.0,0.0,0.0,0.0,0.0,0.0,190.0,0.0,192.0,42.0,0.0,736.0
2020-07-24,111.0,0.0,9.0,0.0,1.0,0.0,0.0,0.0,128.0,0.0,160.0,27.0,1.0,437.0
2020-07-25,0.0,27.0,4.0,0.0,0.0,0.0,0.0,0.0,106.0,0.0,162.0,37.0,0.0,336.0
2020-07-26,0.0,0.0,6.0,0.0,1.0,0.0,0.0,0.0,111.0,0.0,147.0,42.0,0.0,307.0
2020-07-27,304.0,81.0,6.0,0.0,0.0,0.0,0.0,0.0,120.0,0.0,89.0,31.0,0.0,631.0
2020-07-28,80.0,23.0,5.0,0.0,0.0,0.0,0.0,0.0,130.0,0.0,130.0,9.0,0.0,377.0
2020-07-29,133.0,39.0,2.0,0.0,0.0,0.0,0.0,0.0,100.0,0.0,177.0,50.0,0.0,501.0
2020-07-30,113.0,29.0,2.0,0.0,0.0,0.0,0.0,0.0,111.0,0.0,153.0,38.0,0.0,446.0
2020-07-31,127.0,50.0,6.0,0.0,0.0,0.0,2.0,0.0,120.0,0.0,134.0,13.0,0.0,452.0
2020-08-01,0.0,0.0,2.0,0.0,0.0,0.0,0.0,0.0,107.0,0.0,130.0,15.0,0.0,254.0
2020-08-02,0.0,0.0,18.0,0.0,0.0,0.0,2.0,0.0,64.0,0.0,92.0,8.0,0.0,184.0
2020-08-03,0.0,0.0,7.0,0.0,0.0,0.0,0.0,0.0,99.0,0.0,144.0,17.0,0.0,267.0
2020-08-04,303.0,146.0,1.0,0.0,0.0,0.0,0.0,0.0,80.0,0.0,150.0,9.0,0.0,689.0
2020-08-05,94.0,47.0,1.0,4.0,0.0,0.0,0.0,0.0,79.0,0.0,125.0,8.0,0.0,358.0
2020-08-06,56.0,47.0,30.0,2.0,0.0,0.0,0.0,0.0,95.0,0.0,92.0,11.0,0.0,333.0
2020-08-07,134.0,53.0,17.0,0.0,1.0,0.0,0.0,0.0,86.0,0.0,128.0,22.0,1.0,442.0
2020-08-08,0.0,0.0,16.0,0.0,0.0,0.0,0.0,0.0,85.0,0.0,114.0,24.0,0.0,239.0
2020-08-09,0.0,0.0,35.0,0.0,0.0,0.0,0.0,0.0,79.0,0.0,97.0,12.0,0.0,223.0
2020-08-10,257.0,131.0,16.0,0.0,1.0,0.0,0.0,0.0,73.0,0.0,100.0,5.0,0.0,583.0
2020-08-11,85.0,46.0,4.0,1.0,0.0,0.0,0.0,0.0,97.0,0.0,100.0,29.0,0.0,362.0
2020-08-12,121.0,0.0,16.0,1.0,0.0,0.0,0.0,0.0,95.0,5.0,90.0,5.0,0.0,333.0
2020-08-13,76.0,163.0,25.0,2.0,0.0,0.0,0.0,0.0,103.0,0.0,98.0,27.0,0.0,494.0
2020-08-14,84.0,84.0,40.0,0.0,0.0,0.0,1.0,0.0,98.0,0.0,75.0,30.0,0.0,412.0
2020-08-15,0.0,0.0,20.0,4.0,0.0,0.0,2.0,0.0,93.0,0.0,66.0,25.0,0.0,210.0
2020-08-16,0.0,0.0,34.0,2.0,0.0,0.0,0.0,0.0,81.0,0.0,44.0,14.0,0.0,175.0
2020-08-17,0.0,0.0,34.0,0.0,0.0,0.0,1.0,0.0,118.0,0.0,50.0,1.0,0.0,204.0
2020-08-18,366.0,319.0,17.0,0.0,0.0,0.0,0.0,0.0,116.0,3.0,81.0,1.0,0.0,903.0
2020-08-19,82.0,68.0,15.0,0.0,0.0,0.0,1.0,0.0,112.0,0.0,73.0,4.0,0.0,355.0
2020-08-20,0.0,0.0,33.0,0.0,0.0,0.0,1.0,0.0,103.0,0.0,105.0,4.0,0.0,246.0
2020-08-21,247.0,170.0,34.0,2.0,0.0,0.0,0.0,0.0,141.0,0.0,106.0,5.0,0.0,705.0
2020-08-22,0.0,0.0,42.0,0.0,0.0,0.0,1.0,0.0,86.0,0.0,72.0,2.0,0.0,203.0
2020-08-23,0.0,0.0,72.0,1.0,0.0,0.0,2.0,0.0,109.0,0.0,76.0,3.0,0.0,263.0
2020-08-24,258.0,269.0,49.0,0.0,0.0,0.0,0.0,0.0,120.0,0.0,44.0,1.0,0.0,741.0
2020-08-25,77.0,58.0,25.0,1.0,0.0,0.0,0.0,0.0,112.0,0.0,98.0,0.0,0.0,371.0
2020-08-26,127.0,62.0,25.0,0.0,0.0,0.0,1.0,0.0,140.0,0.0,126.0,3.0,0.0,484.0
2020-08-27,108.0,68.0,21.0,0.0,0.0,0.0,0.0,0.0,151.0,0.0,122.0,5.0,0.0,475.0
2020-08-28,158.0,124.0,32.0,1.0,1.0,0.0,2.0,0.0,133.0,0.0,109.0,2.0,0.0,562.0
2020-08-29,0.0,0.0,59.0,0.0,0.0,0.0,0.0,0.0,124.0,0.0,140.0,4.0,0.0,327.0
2020-08-30,0.0,0.0,31.0,0.0,0.0,0.0,0.0,0.0,129.0,0.0,118.0,0.0,0.0,278.0
2020-08-31,426.0,294.0,28.0,0.0,0.0,0.0,2.0,0.0,149.0,0.0,130.0,4.0,0.0,1033.0
2020-09-01,164.0,58.0,18.0,0.0,0.0,0.0,0.0,0.0,140.0,0.0,154.0,3.0,0.0,537.0
2020-09-02,114.0,104.0,12.0,1.0,0.0,0.0,0.0,0.0,150.0,0.0,184.0,2.0,0.0,567.0
2020-09-03,130.0,89.0,20.0,0.0,0.0,0.0,0.0,0.0,174.0,2.0,227.0,10.0,0.0,652.0
2020-09-04,164.0,121.0,9.0,0.0,0.0,0.0,0.0,0.0,155.0,0.0,185.0,4.0,0.0,638.0
2020-09-05,0.0,0.0,21.0,0.0,1.0,0.0,0.0,0.0,157.0,1.0,195.0,5.0,0.0,380.0
2020-09-06,0.0,0.0,29.0,0.0,0.0,0.0,0.0,0.0,200.0,0.0,194.0,8.0,0.0,431.0
2020-09-07,0.0,0.0,15.0,0.0,0.0,0.0,1.0,0.0,195.0,4.0,191.0,11.0,0.0,417.0
2020-09-08,619.0,429.0,11.0,0.0,0.0,0.0,0.0,0.0,218.0,2.0,192.0,7.0,0.0,1478.0
2020-09-09,0.0,0.0,16.0,0.0,0.0,0.0,0.0,0.0,235.0,2.0,252.0,1.0,0.0,506.0
2020-09-10,211.0,239.0,13.0,1.0,0.0,0.0,0.0,0.0,252.0,0.0,260.0,6.0,0.0,982.0
2020-09-11,111.0,132.0,15.0,0.0,0.0,0.0,0.0,0.0,239.0,0.0,306.0,12.0,0.0,815.0
2020-09-12,0.0,0.0,17.0,0.0,1.0,0.0,0.0,0.0,305.0,0.0,295.0,21.0,0.0,639.0
2020-09-13,0.0,0.0,18.0,0.0,0.0,0.0,0.0,0.0,225.0,0.0,316.0,17.0,0.0,576.0
2020-09-14,418.0,317.0,21.0,1.0,0.0,0.0,0.0,0.0,290.0,0.0,277.0,5.0,0.0,1329.0
2020-09-15,124.0,97.0,17.0,0.0,0.0,0.0,0.0,0.0,359.0,2.0,321.0,10.0,0.0,930.0
2020-09-16,171.0,122.0,23.0,0.0,0.0,0.0,0.0,0.0,375.0,0.0,303.0,10.0,0.0,1004.0
2020-09-17,146.0,165.0,11.0,0.0,0.0,0.0,0.0,0.0,436.0,0.0,351.0,6.0,0.0,1115.0
2020-09-18,107.0,179.0,40.0,0.0,1.0,0.0,0.0,0.0,448.0,0.0,487.0,19.0,0.0,1281.0
2020-09-19,0.0,0.0,18.0,0.0,0.0,0.0,0.0,0.0,440.0,0.0,497.0,11.0,0.0,966.0
2020-09-20,0.0,0.0,28.0,0.0,0.0,0.0,0.0,0.0,383.0,0.0,503.0,20.0,0.0,934.0
2020-09-21,358.0,366.0,22.0,2.0,0.0,0.0,0.0,0.0,447.0,0.0,478.0,7.0,0.0,1680.0
2020-09-22,150.0,96.0,24.0,0.0,0.0,0.0,1.0,0.0,410.0,0.0,522.0,10.0,0.0,1213.0
2020-09-23,143.0,91.0,42.0,1.0,0.0,0.0,0.0,0.0,453.0,1.0,688.0,6.0,0.0,1425.0
2020-09-24,158.0,0.0,37.0,2.0,0.0,0.0,0.0,0.0,502.0,0.0,726.0,5.0,0.0,1430.0
2020-09-25,153.0,246.0,53.0,1.0,0.0,0.0,0.0,0.0,587.0,0.0,743.0,11.0,0.0,1794.0
2020-09-26,0.0,0.0,65.0,0.0,0.0,0.0,0.0,0.0,638.0,0.0,913.0,17.0,0.0,1633.0
2020-09-27,0.0,0.0,51.0,0.0,1.0,0.0,0.0,0.0,541.0,0.0,850.0,15.0,0.0,1458.0
2020-09-28,406.0,267.0,39.0,0.0,0.0,0.0,0.0,0.0,568.0,0.0,909.0,14.0,0.0,2203.0
2020-09-29,160.0,105.0,34.0,0.0,0.0,0.0,0.0,0.0,667.0,1.0,958.0,7.0,0.0,1932.0
2020-09-30,153.0,125.0,40.0,0.0,1.0,0.0,1.0,0.0,670.0,0.0,1017.0,14.0,0.0,2021.0
2020-10-01,173.0,82.0,36.0,0.0,1.0,0.0,0.0,0.0,621.0,0.0,957.0,14.0,0.0,1884.0
2020-10-02,122.0,161.0,43.0,0.0,0.0,0.0,1.0,0.0,658.0,0.0,1169.0,13.0,0.0,2167.0
2020-10-03,0.0,0.0,36.0,1.0,1.0,0.0,0.0,0.0,554.0,0.0,1155.0,14.0,0.0,1761.0
2020-10-04,0.0,0.0,32.0,0.0,1.0,0.0,0.0,0.0,572.0,2.0,1049.0,5.0,0.0,1661.0
2020-10-05,578.0,358.0,51.0,2.0,0.0,0.0,0.0,0.0,576.0,0.0,845.0,9.0,0.0,2419.0
2020-10-06,276.0,102.0,55.0,2.0,0.0,0.0,0.0,0.0,707.0,0.0,1001.0,16.0,0.0,2159.0
2020-10-07,143.0,115.0,32.0,17.0,0.0,0.0,0.0,0.0,815.0,0.0,976.0,10.0,0.0,2108.0
2020-10-08,364.0,110.0,66.0,3.0,0.0,0.0,0.0,0.0,744.0,0.0,1097.0,18.0,0.0,2402.0
2020-10-09,277.0,119.0,84.0,13.0,2.0,0.0,0.0,0.0,798.0,0.0,1140.0,22.0,0.0,2455.0
2020-10-10,0.0,0.0,96.0,20.0,3.0,0.0,3.0,0.0,688.0,0.0,910.0,34.0,0.0,1754.0
2020-10-11,0.0,0.0,54.0,14.0,0.0,0.0,0.0,0.0,723.0,2.0,1080.0,24.0,0.0,1897.0
2020-10-12,0.0,0.0,77.0,6.0,1.0,0.0,0.0,0.0,597.0,0.0,796.0,48.0,0.0,1525.0
2020-10-13,961.0,549.0,124.0,6.0,0.0,0.0,0.0,0.0,847.0,0.0,949.0,34.0,0.0,3470.0
2020-10-14,243.0,158.0,146.0,8.0,0.0,0.0,0.0,0.0,862.0,0.0,1097.0,25.0,0.0,2539.0
2020-10-15,244.0,142.0,173.0,0.0,1.0,0.0,0.0,0.0,751.0,2.0,1147.0,33.0,0.0,2493.0
2020-10-16,332.0,155.0,75.0,5.0,3.0,0.0,1.0,0.0,699.0,0.0,1134.0,38.0,0.0,2442.0
2020-10-17,0.0,0.0,0.0,0.0,0.0,0.0,2.0,0.0,690.0,0.0,1055.0,36.0,0.0,1783.0
2020-10-18,0.0,0.0,129.0,13.0,0.0,0.0,2.0,0.0,791.0,0.0,974.0,24.0,0.0,1933.0
2020-10-19,898.0,498.0,80.0,3.0,0.0,0.0,0.0,0.0,748.0,0.0,846.0,66.0,2.0,3141.0
2020-10-20,323.0,167.0,109.0,0.0,0.0,0.0,0.0,0.0,796.0,1.0,1038.0,43.0,0.0,2477.0
2020-10-21,406.0,203.0,135.0,6.0,0.0,3.0,0.0,0.0,868.0,0.0,981.0,57.0,0.0,2659.0
2020-10-22,427.0,0.0,147.0,3.0,1.0,0.0,0.0,0.0,976.0,0.0,932.0,62.0,0.0,2548.0
2020-10-23,432.0,497.0,162.0,2.0,0.0,1.0,0.0,0.0,942.0,0.0,1036.0,33.0,0.0,3105.0
2020-10-24,0.0,0.0,153.0,2.0,1.0,0.0,3.0,0.0,936.0,0.0,838.0,78.0,3.0,2014.0
2020-10-25,0.0,0.0,161.0,2.0,1.0,0.0,0.0,0.0,881.0,0.0,825.0,60.0,0.0,1930.0
2020-10-26,1472.0,817.0,100.0,3.0,1.0,0.0,1.0,0.0,791.0,0.0,989.0,54.0,2.0,4230.0
2020-10-27,422.0,217.0,183.0,3.0,0.0,0.0,1.0,0.0,895.0,0.0,970.0,58.0,0.0,2749.0
2020-10-28,410.0,287.0,169.0,3.0,0.0,0.0,0.0,0.0,949.0,0.0,991.0,67.0,0.0,2876.0
2020-10-29,477.0,234.0,193.0,4.0,0.0,1.0,0.0,0.0,900.0,0.0,1064.0,82.0,1.0,2956.0
2020-10-30,622.0,272.0,480.0,1.0,0.0,0.0,2.0,0.0,1021.0,0.0,953.0,76.0,0.0,3427.0
2020-10-31,0.0,0.0,349.0,1.0,0.0,0.0,5.0,0.0,906.0,0.0,983.0,78.0,0.0,2322.0
2020-11-01,0.0,0.0,311.0,1.0,0.0,0.0,2.0,0.0,1105.0,0.0,1024.0,74.0,0.0,2517.0
2020-11-02,0.0,1120.0,241.0,0.0,0.0,0.0,2.0,0.0,971.0,0.0,896.0,74.0,0.0,3304.0
2020-11-03,2268.0,299.0,102.0,0.0,0.0,0.0,1.0,0.0,906.0,0.0,1064.0,81.0,0.0,4721.0
2020-11-04,0.0,335.0,374.0,3.0,1.0,0.0,4.0,0.0,943.0,0.0,1164.0,35.0,0.0,2859.0
2020-11-05,515.0,425.0,426.0,2.0,2.0,0.0,1.0,0.0,1270.0,0.0,1271.0,128.0,0.0,4040.0
2020-11-06,1411.0,589.0,242.0,1.0,0.0,0.0,2.0,1.0,1278.0,2.0,1196.0,87.0,0.0,4809.0
2020-11-07,919.0,567.0,270.0,3.0,2.0,0.0,4.0,0.0,1112.0,0.0,1238.0,115.0,0.0,4230.0
2020-11-08,727.0,0.0,441.0,1.0,1.0,0.0,3.0,1.0,1316.0,0.0,1303.0,159.0,0.0,3952.0
2020-11-09,656.0,998.0,365.0,1.0,0.0,0.0,1.0,0.0,1473.0,0.0,1207.0,190.0,0.0,4891.0
2020-11-10,713.0,525.0,383.0,0.0,0.0,0.0,3.0,0.0,1584.0,1.0,1305.0,127.0,0.0,4641.0
2020-11-11,672.0,0.0,430.0,0.0,1.0,1.0,2.0,1.0,1510.0,1.0,1390.0,112.0,0.0,4120.0
2020-11-12,860.0,1130.0,474.0,1.0,0.0,0.0,0.0,0.0,1582.0,0.0,1332.0,111.0,1.0,5491.0
2020-11-13,907.0,617.0,434.0,2.0,1.0,4.0,2.0,1.0,1445.0,0.0,1375.0,76.0,0.0,4864.0
2020-11-14,1026.0,0.0,237.0,6.0,2.0,0.0,6.0,4.0,1458.0,0.0,1239.0,307.0,0.0,4285.0
2020-11-15,991.0,0.0,494.0,3.0,2.0,0.0,2.0,10.0,1309.0,0.0,1113.0,181.0,0.0,4105.0
2020-11-16,860.0,1959.0,392.0,8.0,0.0,0.0,2.0,6.0,1385.0,0.0,1025.0,181.0,0.0,5818.0
2020-11-17,773.0,717.0,269.0,4.0,2.0,0.0,5.0,34.0,1253.0,0.0,1126.0,240.0,0.0,4423.0
2020-11-18,730.0,760.0,399.0,9.0,2.0,0.0,3.0,10.0,1465.0,0.0,1204.0,131.0,1.0,4714.0
2020-11-19,1105.0,538.0,475.0,4.0,1.0,0.0,1.0,4.0,1479.0,0.0,1308.0,98.0,2.0,5015.0
2020-11-20,1155.0,514.0,437.0,9.0,3.0,0.0,5.0,10.0,1638.0,0.0,1147.0,153.0,2.0,5073.0
2020-11-21,1336.0,0.0,385.0,23.0,5.0,0.0,8.0,25.0,1498.0,0.0,1116.0,433.0,0.0,4829.0
2020-11-22,1584.0,0.0,240.0,6.0,3.0,0.0,11.0,21.0,1323.0,0.0,1207.0,236.0,3.0,4634.0
2020-11-23,1549.0,1933.0,543.0,15.0,2.0,0.0,11.0,6.0,1394.0,1.0,1077.0,235.0,6.0,6772.0
2020-11-24,1115.0,941.0,471.0,5.0,2.0,0.0,37.0,10.0,1430.0,0.0,1231.0,175.0,0.0,5417.0
2020-11-25,1265.0,738.0,349.0,3.0,1.0,0.0,16.0,11.0,1714.0,0.0,1383.0,164.0,1.0,5645.0
2020-11-26,1077.0,887.0,381.0,12.0,3.0,0.0,14.0,0.0,1834.0,1.0,1335.0,315.0,3.0,5862.0
2020-11-27,1227.0,911.0,344.0,12.0,4.0,0.0,9.0,4.0,1753.0,0.0,1273.0,329.0,3.0,5869.0
2020-11-28,1731.0,0.0,486.0,4.0,2.0,0.0,14.0,5.0,1712.0,2.0,1431.0,197.0,0.0,5584.0
2020-11-29,1608.0,0.0,365.0,14.0,4.0,0.0,10.0,13.0,1706.0,0.0,1382.0,351.0,0.0,5453.0
2020-11-30,1733.0,2354.0,342.0,6.0,1.0,0.0,15.0,4.0,1626.0,0.0,1266.0,325.0,2.0,7674.0
2020-12-01,1307.0,656.0,282.0,7.0,1.0,0.0,10.0,1.0,1838.0,0.0,1517.0,181.0,0.0,5800.0
2020-12-02,1685.0,834.0,277.0,6.0,1.0,0.0,17.0,11.0,1752.0,0.0,1545.0,237.0,3.0,6368.0
2020-12-03,1854.0,694.0,367.0,6.0,0.0,0.0,11.0,5.0,1827.0,0.0,1503.0,261.0,1.0,6529.0
2020-12-04,1828.0,710.0,318.0,8.0,3.0,0.0,15.0,8.0,1880.0,1.0,1766.0,283.0,3.0,6823.0
2020-12-05,1879.0,0.0,354.0,2.0,4.0,0.0,6.0,8.0,2084.0,0.0,1643.0,203.0,0.0,6183.0
2020-12-06,1836.0,0.0,383.0,4.0,4.0,0.0,4.0,2.0,1746.0,7.0,1536.0,409.0,0.0,5931.0
2020-12-07,1735.0,2020.0,325.0,2.0,0.0,0.0,8.0,3.0,1816.0,4.0,1626.0,273.0,3.0,7815.0
2020-12-08,1727.0,566.0,245.0,5.0,1.0,0.0,7.0,1.0,1864.0,0.0,1659.0,185.0,1.0,6261.0
2020-12-09,1460.0,619.0,279.0,1.0,1.0,0.0,6.0,9.0,1941.0,0.0,1746.0,302.0,0.0,6364.0
2020-12-10,1566.0,723.0,292.0,4.0,1.0,0.0,4.0,0.0,1890.0,0.0,1760.0,324.0,0.0,6564.0
2020-12-11,1738.0,737.0,445.0,8.0,1.0,5.0,9.0,16.0,1897.0,0.0,1911.0,251.0,0.0,7018.0
2020-12-12,1590.0,0.0,358.0,1.0,3.0,1.0,7.0,2.0,1947.0,0.0,1992.0,274.0,0.0,6175.0
2020-12-13,1717.0,0.0,273.0,2.0,0.0,0.0,6.0,0.0,2010.0,0.0,1762.0,222.0,0.0,5992.0
2020-12-14,1887.0,2146.0,241.0,1.0,1.0,0.0,5.0,9.0,2094.0,5.0,1888.0,267.0,1.0,8545.0
2020-12-15,1341.0,520.0,271.0,1.0,0.0,1.0,6.0,2.0,2227.0,0.0,1788.0,194.0,0.0,6351.0
2020-12-16,1270.0,640.0,291.0,8.0,5.0,0.0,4.0,0.0,2320.0,0.0,2118.0,162.0,0.0,6818.0
2020-12-17,1571.0,673.0,221.0,6.0,3.0,1.0,6.0,1.0,2348.0,1.0,2316.0,238.0,0.0,7385.0
2020-12-18,1413.0,624.0,350.0,0.0,5.0,1.0,6.0,0.0,2432.0,0.0,2118.0,245.0,0.0,7194.0
2020-12-19,1352.0,0.0,233.0,5.0,8.0,0.0,1.0,0.0,2266.0,0.0,2056.0,252.0,0.0,6173.0
2020-12-20,1286.0,0.0,229.0,0.0,2.0,0.0,2.0,0.0,2363.0,0.0,1965.0,226.0,0.0,6073.0
2020-12-21,1240.0,1667.0,166.0,4.0,0.0,0.0,2.0,3.0,2233.0,0.0,2107.0,206.0,0.0,7628.0
2020-12-22,1021.0,443.0,155.0,2.0,1.0,0.0,7.0,0.0,2558.0,1.0,2154.0,182.0,0.0,6524.0
2020-12-23,1301.0,517.0,201.0,5.0,1.0,0.0,4.0,2.0,2276.0,0.0,2223.0,159.0,0.0,6689.0
2020-12-24,1007.0,582.0,243.0,2.0,0.0,0.0,7.0,1.0,1956.0,3.0,2397.0,154.0,1.0,6353.0
2020-12-25,1191.0,0.0,0.0,1.0,0.0,0.0,0.0,0.0,2205.0,0.0,2298.0,229.0,0.0,5924.0
2020-12-26,914.0,0.0,0.0,2.0,0.0,0.0,0.0,0.0,2242.0,0.0,2087.0,132.0,0.0,5377.0
2020-12-27,459.0,0.0,521.0,2.0,3.0,0.0,0.0,0.0,2203.0,0.0,2158.0,198.0,0.0,5544.0
2020-12-28,917.0,0.0,107.0,1.0,2.0,0.0,13.0,1.0,2828.0,0.0,2307.0,94.0,0.0,6270.0
2020-12-29,872.0,2206.0,133.0,2.0,1.0,0.0,2.0,0.0,3216.0,0.0,2859.0,114.0,0.0,9405.0
2020-12-30,1287.0,485.0,128.0,1.0,0.0,0.0,3.0,0.0,2870.0,0.0,2802.0,138.0,0.0,7714.0
2020-12-31,0.0,690.0,187.0,3.0,0.0,0.0,3.0,0.0,3390.0,0.0,2532.0,190.0,0.0,6995.0
2021-01-01,0.0,0.0,0.0,2.0,0.0,0.0,11.0,0.0,3306.0,0.0,2729.0,285.0,0.0,6333.0
2021-01-02,0.0,0.0,326.0,10.0,0.0,0.0,2.0,0.0,2859.0,0.0,2407.0,210.0,0.0,5814.0
2021-01-03,3800.0,0.0,100.0,7.0,0.0,0.0,2.0,0.0,3315.0,0.0,2165.0,236.0,0.0,9625.0
2021-01-04,1307.0,2211.0,118.0,17.0,1.0,0.0,4.0,0.0,3210.0,2.0,2555.0,287.0,5.0,9717.0
2021-01-05,843.0,428.0,130.0,27.0,1.0,0.0,3.0,0.0,3356.0,1.0,2586.0,153.0,0.0,7528.0
2021-01-06,1123.0,625.0,167.0,31.0,0.0,0.0,12.0,0.0,3801.0,0.0,2867.0,284.0,1.0,8911.0
2021-01-07,968.0,761.0,201.0,24.0,0.0,0.0,3.0,0.0,4098.0,5.0,2833.0,335.0,3.0,9231.0
2021-01-08,1183.0,617.0,221.0,18.0,0.0,0.0,2.0,0.0,3766.0,0.0,2746.0,336.0,1.0,8890.0
2021-01-09,989.0,0.0,203.0,30.0,0.0,0.0,3.0,0.0,3325.0,0.0,2008.0,332.0,0.0,6890.0
2021-01-10,811.0,0.0,150.0,14.0,1.0,0.0,0.0,0.0,3088.0,0.0,2033.0,307.0,0.0,6404.0
2021-01-11,639.0,1475.0,134.0,21.0,0.0,0.0,5.0,0.0,2941.0,0.0,1793.0,412.0,0.0,7420.0
2021-01-12,652.0,446.0,90.0,17.0,0.0,0.0,1.0,0.0,3164.0,1.0,2184.0,248.0,0.0,6803.0
2021-01-13,875.0,519.0,155.0,19.0,0.0,0.0,8.0,0.0,3254.0,0.0,2014.0,247.0,0.0,7091.0
2021-01-14,967.0,536.0,259.0,23.0,1.0,0.0,6.0,0.0,2968.0,0.0,1947.0,312.0,0.0,7019.0
2021-01-15,785.0,509.0,191.0,25.0,1.0,1.0,2.0,0.0,3171.0,0.0,1882.0,382.0,0.0,6949.0
2021-01-16,717.0,0.0,177.0,27.0,0.0,0.0,4.0,0.0,2680.0,0.0,1926.0,270.0,0.0,5801.0
2021-01-17,750.0,0.0,189.0,36.0,1.0,3.0,3.0,0.0,2102.0,0.0,1513.0,287.0,0.0,4884.0
2021-01-18,474.0,1330.0,118.0,26.0,0.0,0.0,0.0,0.0,2464.0,5.0,1338.0,290.0,0.0,6045.0
2021-01-19,456.0,465.0,111.0,31.0,0.0,2.0,4.0,0.0,2419.0,2.0,1517.0,309.0,0.0,5316.0
2021-01-20,669.0,500.0,153.0,21.0,0.0,0.0,3.0,0.0,2674.0,0.0,1573.0,241.0,0.0,5834.0
2021-01-21,678.0,564.0,196.0,32.0,1.0,1.0,1.0,0.0,2348.0,0.0,1796.0,226.0,0.0,5843.0
2021-01-22,643.0,508.0,171.0,30.0,1.0,0.0,5.0,1.0,2470.0,0.0,1534.0,305.0,0.0,5668.0
2021-01-23,573.0,0.0,216.0,17.0,0.0,0.0,0.0,0.0,1892.0,0.0,1330.0,274.0,0.0,4302.0
2021-01-24,463.0,0.0,221.0,20.0,0.0,0.0,1.0,13.0,1797.0,0.0,1165.0,260.0,0.0,3940.0
2021-01-25,742.0,1344.0,113.0,27.0,0.0,0.0,0.0,2.0,1667.0,0.0,1218.0,239.0,0.0,5352.0
2021-01-26,366.0,406.0,92.0,10.0,0.0,0.0,1.0,0.0,1908.0,0.0,1351.0,230.0,0.0,4364.0
2021-01-27,459.0,485.0,94.0,14.0,2.0,0.0,4.0,0.0,1972.0,0.0,1273.0,148.0,0.0,4451.0
2021-01-28,461.0,546.0,132.0,27.0,4.0,0.0,0.0,1.0,1942.0,0.0,1287.0,244.0,0.0,4644.0
2021-01-29,543.0,514.0,152.0,16.0,4.0,0.0,1.0,0.0,1848.0,1.0,1281.0,328.0,0.0,4688.0
2021-01-30,383.0,0.0,166.0,12.0,0.0,0.0,3.0,1.0,1645.0,0.0,1233.0,260.0,0.0,3703.0
2021-01-31,461.0,0.0,118.0,26.0,0.0,0.0,0.0,10.0,1472.0,0.0,878.0,238.0,0.0,3203.0
2021-02-01,355.0,1158.0,87.0,8.0,0.0,0.0,1.0,0.0,1279.0,0.0,976.0,147.0,0.0,4011.0
2021-02-02,268.0,429.0,82.0,24.0,0.0,1.0,1.0,0.0,1433.0,0.0,1167.0,225.0,0.0,3630.0
2021-02-03,259.0,414.0,125.0,14.0,2.0,0.0,1.0,0.0,1509.0,1.0,1082.0,194.0,0.0,3601.0
2021-02-04,582.0,465.0,110.0,16.0,1.0,0.0,1.0,2.0,1422.0,0.0,1080.0,250.0,0.0,3929.0
2021-02-05,396.0,471.0,110.0,7.0,1.0,0.0,0.0,0.0,1494.0,0.0,1219.0,266.0,0.0,3964.0
2021-02-06,348.0,0.0,80.0,12.0,3.0,0.0,0.0,3.0,1216.0,0.0,1046.0,263.0,0.0,2971.0
2021-02-07,351.0,0.0,79.0,7.0,1.0,0.0,1.0,0.0,1108.0,0.0,837.0,194.0,0.0,2578.0
2021-02-08,269.0,1236.0,52.0,2.0,11.0,0.0,1.0,0.0,987.0,0.0,777.0,171.0,0.0,3506.0
2021-02-09,195.0,435.0,71.0,15.0,30.0,1.0,1.0,0.0,1149.0,2.0,969.0,80.0,0.0,2948.0
2021-02-10,339.0,469.0,57.0,14.0,53.0,1.0,1.0,1.0,1323.0,0.0,1162.0,189.0,0.0,3609.0
2021-02-11,351.0,449.0,90.0,2.0,100.0,4.0,2.0,3.0,1246.0,0.0,1015.0,114.0,0.0,3376.0
2021-02-12,314.0,445.0,81.0,5.0,50.0,0.0,0.0,0.0,1205.0,0.0,1021.0,188.0,1.0,3310.0
2021-02-13,305.0,0.0,99.0,16.0,26.0,0.0,2.0,5.0,991.0,0.0,833.0,244.0,0.0,2521.0
2021-02-14,284.0,0.0,79.0,2.0,11.0,0.0,1.0,3.0,946.0,0.0,723.0,161.0,0.0,2210.0
2021-02-15,251.0,0.0,0.0,1.0,7.0,0.0,1.0,0.0,893.0,0.0,671.0,143.0,1.0,1968.0
2021-02-16,263.0,1533.0,166.0,3.0,7.0,0.0,3.0,12.0,1008.0,0.0,847.0,136.0,0.0,3978.0
2021-02-17,277.0,427.0,75.0,3.0,44.0,4.0,3.0,1.0,1121.0,0.0,782.0,124.0,0.0,2861.0
2021-02-18,415.0,617.0,138.0,4.0,48.0,0.0,2.0,6.0,1214.0,0.0,860.0,146.0,0.0,3450.0
2021-02-19,325.0,508.0,90.0,6.0,60.0,0.0,2.0,2.0,1228.0,0.0,778.0,146.0,0.0,3145.0
2021-02-20,380.0,0.0,94.0,3.0,38.0,0.0,4.0,6.0,1137.0,0.0,718.0,193.0,0.0,2573.0
2021-02-21,328.0,0.0,57.0,4.0,25.0,0.0,1.0,1.0,994.0,0.0,816.0,182.0,0.0,2408.0
2021-02-22,273.0,1428.0,97.0,0.0,13.0,0.0,1.0,12.0,937.0,0.0,636.0,177.0,0.0,3574.0
2021-02-23,267.0,559.0,68.0,0.0,15.0,0.0,3.0,0.0,1153.0,1.0,831.0,126.0,0.0,3023.0
2021-02-24,430.0,456.0,39.0,2.0,8.0,0.0,3.0,0.0,1209.0,0.0,855.0,57.0,0.0,3059.0
2021-02-25,399.0,395.0,67.0,1.0,10.0,0.0,8.0,4.0,1246.0,0.0,812.0,211.0,0.0,3153.0
2021-02-26,356.0,521.0,64.0,1.0,4.0,0.0,10.0,1.0,1130.0,5.0,870.0,153.0,0.0,3115.0
2021-02-27,415.0,0.0,88.0,2.0,4.0,0.0,4.0,0.0,1119.0,0.0,708.0,162.0,0.0,2502.0
2021-02-28,301.0,0.0,50.0,0.0,7.0,0.0,3.0,1.0,1047.0,12.0,575.0,141.0,0.0,2137.0
2021-03-01,291.0,1478.0,35.0,1.0,2.0,0.0,1.0,1.0,964.0,0.0,585.0,154.0,0.0,3512.0
2021-03-02,257.0,695.0,56.0,4.0,5.0,0.0,1.0,1.0,1131.0,4.0,763.0,137.0,0.0,3054.0
2021-03-03,402.0,542.0,50.0,3.0,3.0,0.0,3.0,0.0,1143.0,0.0,685.0,121.0,0.0,2952.0
2021-03-04,331.0,564.0,51.0,5.0,5.0,0.0,3.0,10.0,1250.0,0.0,859.0,161.0,0.0,3239.0
2021-03-05,411.0,634.0,53.0,4.0,1.0,0.0,2.0,4.0,1292.0,0.0,704.0,210.0,0.0,3315.0
2021-03-06,341.0,0.0,66.0,6.0,2.0,0.0,6.0,4.0,1323.0,0.0,743.0,163.0,0.0,2654.0
2021-03-07,300.0,0.0,55.0,2.0,1.0,0.0,2.0,4.0,1278.0,0.0,611.0,116.0,0.0,2369.0
2021-03-08,282.0,1462.0,63.0,5.0,3.0,0.0,0.0,0.0,1237.0,5.0,613.0,96.0,0.0,3766.0
2021-03-09,255.0,550.0,62.0,0.0,1.0,0.0,5.0,0.0,1247.0,2.0,796.0,113.0,0.0,3031.0
2021-03-10,399.0,531.0,71.0,0.0,0.0,0.0,1.0,0.0,1380.0,0.0,718.0,110.0,0.0,3210.0
2021-03-11,364.0,569.0,88.0,2.0,1.0,0.0,0.0,0.0,1493.0,0.0,756.0,165.0,0.0,3438.0
2021-03-12,425.0,648.0,98.0,3.0,1.0,0.0,0.0,0.0,1608.0,0.0,812.0,176.0,0.0,3771.0
2021-03-13,474.0,0.0,92.0,0.0,0.0,0.0,4.0,2.0,1431.0,0.0,660.0,153.0,0.0,2816.0
2021-03-14,388.0,0.0,44.0,5.0,0.0,0.0,1.0,0.0,1263.0,0.0,607.0,95.0,0.0,2403.0
2021-03-15,364.0,1506.0,50.0,1.0,0.0,0.0,0.0,0.0,1281.0,0.0,573.0,110.0,0.0,3885.0
2021-03-16,355.0,556.0,110.0,5.0,1.0,0.0,2.0,0.0,1572.0,0.0,721.0,156.0,0.0,3478.0
2021-03-17,479.0,498.0,93.0,1.0,0.0,0.0,2.0,0.0,1740.0,1.0,729.0,87.0,0.0,3630.0
2021-03-18,505.0,622.0,89.0,7.0,1.0,0.0,3.0,12.0,1811.0,0.0,762.0,115.0,0.0,3927.0
2021-03-19,696.0,737.0,91.0,2.0,0.0,0.0,3.0,0.0,1838.0,0.0,806.0,174.0,0.0,4347.0
2021-03-20,556.0,0.0,87.0,3.0,0.0,0.0,2.0,0.0,1790.0,0.0,681.0,200.0,0.0,3319.0
2021-03-21,555.0,0.0,90.0,1.0,0.0,0.0,6.0,0.0,1612.0,0.0,665.0,178.0,0.0,3107.0
2021-03-22,456.0,1785.0,65.0,8.0,0.0,0.0,2.0,0.0,1859.0,0.0,708.0,204.0,0.0,5087.0
2021-03-23,465.0,682.0,93.0,7.0,0.0,0.0,1.0,0.0,1873.0,8.0,765.0,150.0,0.0,4044.0
2021-03-24,692.0,716.0,80.0,12.0,1.0,0.0,5.0,0.0,2274.0,0.0,1030.0,187.0,0.0,4997.0
2021-03-25,764.0,800.0,105.0,29.0,0.0,0.0,3.0,0.0,2290.0,0.0,1007.0,168.0,1.0,5167.0
2021-03-26,717.0,908.0,114.0,13.0,0.0,0.0,5.0,0.0,2632.0,0.0,1009.0,213.0,0.0,5611.0
2021-03-27,668.0,0.0,57.0,12.0,0.0,0.0,5.0,0.0,2221.0,4.0,931.0,224.0,0.0,4122.0
2021-03-28,644.0,0.0,55.0,6.0,1.0,0.0,2.0,0.0,2248.0,0.0,824.0,248.0,0.0,4028.0
2021-03-29,545.0,2518.0,53.0,11.0,0.0,0.0,0.0,0.0,2336.0,0.0,942.0,204.0,0.0,6609.0
2021-03-30,576.0,840.0,77.0,13.0,2.0,0.0,3.0,0.0,2559.0,3.0,997.0,164.0,0.0,5234.0
2021-03-31,871.0,1013.0,70.0,12.0,1.0,0.0,2.0,0.0,2932.0,0.0,1425.0,191.0,1.0,6518.0
2021-04-01,875.0,832.0,52.0,10.0,1.0,0.0,3.0,0.0,3096.0,0.0,1286.0,199.0,0.0,6354.0
2021-04-02,0.0,0.0,0.0,9.0,0.0,0.0,9.0,0.0,3059.0,0.0,1288.0,254.0,0.0,4619.0
2021-04-03,1100.0,0.0,178.0,9.0,0.0,0.0,4.0,0.0,3101.0,0.0,1290.0,280.0,0.0,5962.0
2021-04-04,0.0,0.0,0.0,11.0,0.0,0.0,7.0,0.0,3006.0,0.0,1136.0,221.0,0.0,4381.0
2021-04-05,2887.0,0.0,135.0,10.0,0.0,1.0,2.0,0.0,3043.0,0.0,1219.0,219.0,0.0,7516.0
2021-04-06,931.0,5108.0,62.0,3.0,0.0,0.0,6.0,0.0,3540.0,1.0,1309.0,219.0,0.0,11179.0
2021-04-07,1351.0,997.0,107.0,14.0,1.0,0.0,2.0,0.0,3853.0,0.0,1642.0,189.0,0.0,8156.0
2021-04-08,1429.0,1293.0,137.0,7.0,1.0,0.0,5.0,0.0,4064.0,0.0,1720.0,219.0,0.0,8875.0
2021-04-09,1521.0,1262.0,176.0,8.0,3.0,0.0,2.0,0.0,3997.0,0.0,1867.0,357.0,0.0,9193.0
2021-04-10,1293.0,0.0,135.0,19.0,4.0,0.0,7.0,0.0,4638.0,0.0,1632.0,237.0,0.0,7965.0
2021-04-11,1183.0,0.0,109.0,9.0,0.0,0.0,5.0,0.0,4064.0,0.0,1495.0,320.0,0.0,7185.0
2021-04-12,1136.0,3289.0,114.0,10.0,1.0,0.0,7.0,0.0,4092.0,0.0,1422.0,300.0,0.0,10371.0
2021-04-13,1081.0,873.0,132.0,4.0,1.0,0.0,6.0,0.0,4272.0,5.0,1533.0,288.0,1.0,8196.0
2021-04-14,1412.0,1168.0,80.0,16.0,3.0,0.0,2.0,0.0,4966.0,0.0,1517.0,199.0,1.0,9364.0
2021-04-15,1646.0,1205.0,149.0,8.0,2.0,0.0,3.0,1.0,4757.0,0.0,1682.0,303.0,0.0,9756.0
2021-04-16,1616.0,1005.0,127.0,7.0,3.0,0.0,6.0,12.0,3806.0,0.0,1456.0,230.0,0.0,8268.0
2021-04-17,1486.0,0.0,177.0,11.0,3.0,0.0,8.0,6.0,4598.0,0.0,1292.0,247.0,0.0,7828.0
2021-04-18,1516.0,0.0,167.0,10.0,1.0,0.0,7.0,3.0,4175.0,0.0,1025.0,287.0,0.0,7191.0
2021-04-19,1391.0,2960.0,108.0,9.0,3.0,0.0,15.0,6.0,3671.0,8.0,1188.0,244.0,1.0,9604.0
2021-04-20,1345.0,849.0,203.0,0.0,2.0,0.0,9.0,5.0,4015.0,1.0,1224.0,250.0,0.0,7903.0
2021-04-21,1699.0,862.0,162.0,7.0,1.0,2.0,25.0,1.0,4025.0,0.0,1200.0,231.0,1.0,8216.0
2021-04-22,1857.0,1006.0,258.0,19.0,3.0,1.0,38.0,3.0,4488.0,0.0,1094.0,264.0,2.0,9033.0
2021-04-23,1690.0,1001.0,179.0,16.0,1.0,2.0,44.0,9.0,4115.0,1.0,918.0,250.0,0.0,8226.0
2021-04-24,1592.0,0.0,270.0,8.0,3.0,0.0,52.0,7.0,3767.0,0.0,1199.0,286.0,0.0,7184.0
2021-04-25,1437.0,0.0,259.0,4.0,2.0,0.0,63.0,7.0,3689.0,0.0,891.0,249.0,0.0,6601.0
2021-04-26,1495.0,2491.0,210.0,7.0,4.0,3.0,66.0,9.0,3146.0,0.0,969.0,245.0,1.0,8646.0
2021-04-27,1539.0,799.0,217.0,24.0,0.0,0.0,96.0,8.0,3511.0,2.0,1083.0,224.0,0.0,7503.0
2021-04-28,1839.0,841.0,186.0,8.0,4.0,0.0,75.0,6.0,4027.0,0.0,1070.0,213.0,0.0,8269.0
2021-04-29,2048.0,853.0,228.0,10.0,2.0,0.0,70.0,12.0,3810.0,0.0,1115.0,210.0,0.0,8358.0
2021-04-30,2007.0,740.0,290.0,15.0,8.0,0.0,67.0,11.0,3381.0,0.0,1173.0,274.0,0.0,7966.0
2021-05-01,2433.0,0.0,266.0,18.0,5.0,0.0,148.0,8.0,3706.0,0.0,920.0,262.0,0.0,7766.0
2021-05-02,1731.0,0.0,279.0,6.0,18.0,1.0,133.0,11.0,2945.0,0.0,777.0,238.0,0.0,6139.0
2021-05-03,2012.0,2174.0,250.0,15.0,5.0,7.0,146.0,8.0,2628.0,0.0,850.0,219.0,1.0,8315.0
2021-05-04,1743.0,697.0,290.0,4.0,4.0,12.0,153.0,7.0,2891.0,6.0,905.0,189.0,0.0,6901.0
2021-05-05,2271.0,572.0,271.0,11.0,6.0,14.0,175.0,5.0,3286.0,0.0,894.0,214.0,0.0,7719.0
2021-05-06,2211.0,694.0,357.0,11.0,6.0,13.0,182.0,12.0,3377.0,0.0,1040.0,180.0,0.0,8083.0
2021-05-07,1980.0,722.0,498.0,8.0,7.0,1.0,227.0,1.0,3000.0,0.0,1007.0,295.0,0.0,7746.0
2021-05-08,2042.0,0.0,485.0,8.0,6.0,0.0,163.0,7.0,2685.0,0.0,814.0,269.0,0.0,6479.0
2021-05-09,1633.0,0.0,528.0,6.0,5.0,0.0,163.0,5.0,2307.0,0.0,711.0,177.0,0.0,5535.0
2021-05-10,1597.0,1767.0,498.0,11.0,3.0,3.0,117.0,7.0,2113.0,0.0,671.0,154.0,0.0,6941.0
2021-05-11,1449.0,515.0,328.0,2.0,15.0,10.0,118.0,14.0,2596.0,4.0,834.0,195.0,2.0,6082.0
2021-05-12,1799.0,600.0,364.0,9.0,10.0,2.0,145.0,8.0,2606.0,0.0,858.0,213.0,0.0,6614.0
2021-05-13,1558.0,587.0,557.0,16.0,7.0,1.0,110.0,12.0,2387.0,0.0,888.0,229.0,0.0,6352.0
2021-05-14,1433.0,494.0,489.0,5.0,6.0,6.0,117.0,12.0,2424.0,0.0,790.0,236.0,0.0,6012.0
2021-05-15,1195.0,0.0,428.0,7.0,5.0,0.0,86.0,5.0,2212.0,0.0,659.0,196.0,0.0,4793.0
2021-05-16,1140.0,0.0,532.0,11.0,9.0,0.0,126.0,1.0,1724.0,0.0,559.0,167.0,0.0,4269.0
2021-05-17,721.0,1360.0,430.0,10.0,10.0,0.0,91.0,0.0,1612.0,0.0,577.0,181.0,0.0,4992.0
2021-05-18,877.0,411.0,334.0,10.0,6.0,4.0,90.0,6.0,1923.0,7.0,584.0,129.0,0.0,4381.0
2021-05-19,908.0,521.0,401.0,8.0,3.0,1.0,83.0,4.0,2115.0,5.0,800.0,141.0,0.0,4990.0
2021-05-20,812.0,357.0,602.0,7.0,4.0,0.0,65.0,2.0,1807.0,0.0,676.0,146.0,0.0,4478.0
2021-05-21,732.0,420.0,588.0,15.0,10.0,1.0,84.0,1.0,1883.0,0.0,555.0,182.0,0.0,4471.0
2021-05-22,621.0,0.0,473.0,2.0,4.0,0.0,64.0,1.0,1592.0,0.0,495.0,180.0,0.0,3432.0
2021-05-23,563.0,0.0,459.0,14.0,23.0,0.0,73.0,0.0,1235.0,0.0,349.0,115.0,0.0,2831.0
2021-05-24,452.0,0.0,351.0,15.0,5.0,0.0,49.0,1.0,1013.0,0.0,383.0,104.0,0.0,2373.0
2021-05-25,387.0,1263.0,259.0,9.0,11.0,0.0,52.0,1.0,1004.0,1.0,399.0,111.0,0.0,3497.0
2021-05-26,390.0,250.0,310.0,10.0,4.0,0.0,37.0,7.0,1201.0,0.0,461.0,181.0,0.0,2851.0
2021-05-27,513.0,378.0,295.0,9.0,6.0,0.0,33.0,0.0,1217.0,0.0,413.0,162.0,0.0,3026.0
2021-05-28,512.0,317.0,493.0,9.0,14.0,0.0,40.0,1.0,1036.0,0.0,400.0,122.0,0.0,2944.0
2021-05-29,406.0,0.0,355.0,10.0,9.0,0.0,33.0,0.0,1053.0,0.0,303.0,179.0,0.0,2348.0
2021-05-30,391.0,0.0,291.0,9.0,7.0,0.0,20.0,0.0,690.0,0.0,273.0,171.0,0.0,1852.0
2021-05-31,263.0,708.0,300.0,12.0,2.0,1.0,17.0,0.0,684.0,0.0,249.0,113.0,0.0,2349.0
2021-06-01,209.0,184.0,226.0,3.0,6.0,0.0,12.0,0.0,817.0,4.0,283.0,86.0,0.0,1830.0
2021-06-02,410.0,194.0,264.0,12.0,17.0,0.0,14.0,0.0,857.0,0.0,296.0,132.0,0.0,2196.0
2021-06-03,296.0,199.0,355.0,16.0,6.0,0.0,25.0,0.0,856.0,0.0,271.0,131.0,0.0,2155.0
2021-06-04,244.0,183.0,326.0,10.0,2.0,0.0,15.0,1.0,709.0,0.0,234.0,89.0,0.0,1813.0
2021-06-05,293.0,0.0,270.0,9.0,5.0,0.0,18.0,0.0,592.0,0.0,212.0,99.0,3.0,1501.0
2021-06-06,231.0,0.0,220.0,3.0,5.0,0.0,12.0,0.0,490.0,0.0,153.0,74.0,0.0,1188.0
2021-06-07,127.0,481.0,168.0,1.0,2.0,0.0,17.0,0.0,436.0,0.0,163.0,68.0,0.0,1463.0
2021-06-08,139.0,165.0,234.0,1.0,3.0,0.0,14.0,0.0,526.0,2.0,199.0,90.0,1.0,1374.0
2021-06-09,313.0,148.0,250.0,13.0,3.0,0.0,13.0,0.0,600.0,0.0,155.0,74.0,4.0,1573.0
2021-06-10,178.0,153.0,247.0,3.0,5.0,0.0,14.0,1.0,525.0,0.0,216.0,92.0,4.0,1438.0
2021-06-11,170.0,180.0,222.0,1.0,3.0,0.0,5.0,4.0,513.0,0.0,163.0,86.0,2.0,1349.0
2021-06-12,179.0,0.0,291.0,7.0,6.0,0.0,10.0,3.0,427.0,0.0,133.0,106.0,0.0,1162.0
2021-06-13,165.0,0.0,194.0,7.0,1.0,0.0,6.0,0.0,358.0,0.0,119.0,66.0,6.0,922.0
2021-06-14,115.0,277.0,124.0,1.0,4.0,0.0,7.0,0.0,356.0,0.0,110.0,55.0,3.0,1052.0
2021-06-15,127.0,108.0,115.0,3.0,2.0,0.0,2.0,0.0,380.0,0.0,174.0,46.0,13.0,970.0
2021-06-16,153.0,113.0,143.0,3.0,1.0,0.0,8.0,0.0,364.0,0.0,150.0,83.0,0.0,1018.0
2021-06-17,150.0,120.0,176.0,4.0,1.0,0.0,14.0,0.0,354.0,0.0,159.0,95.0,25.0,1098.0
2021-06-18,124.0,108.0,183.0,2.0,0.0,0.0,11.0,0.0,324.0,0.0,130.0,107.0,0.0,989.0
2021-06-19,127.0,0.0,140.0,5.0,0.0,0.0,5.0,0.0,282.0,0.0,88.0,54.0,42.0,743.0
2021-06-20,100.0,0.0,93.0,2.0,0.0,0.0,2.0,0.0,268.0,0.0,94.0,60.0,0.0,619.0
2021-06-21,60.0,229.0,74.0,0.0,0.0,0.0,0.0,0.0,200.0,0.0,93.0,28.0,0.0,684.0
2021-06-22,57.0,56.0,62.0,1.0,1.0,0.0,2.0,0.0,278.0,0.0,128.0,34.0,33.0,652.0
2021-06-23,92.0,84.0,122.0,1.0,0.0,0.0,0.0,0.0,292.0,0.0,80.0,34.0,4.0,709.0
2021-06-24,73.0,75.0,103.0,2.0,0.0,0.0,5.0,0.0,298.0,0.0,81.0,53.0,18.0,708.0
2021-06-25,0.0,72.0,85.0,1.0,0.0,0.0,16.0,0.0,306.0,0.0,104.0,54.0,0.0,638.0
2021-06-26,0.0,0.0,102.0,1.0,0.0,0.0,11.0,0.0,243.0,0.0,79.0,62.0,22.0,520.0
2021-06-27,0.0,0.0,96.0,1.0,0.0,0.0,3.0,0.0,206.0,0.0,49.0,48.0,0.0,403.0
2021-06-28,209.0,131.0,61.0,1.0,1.0,0.0,3.0,0.0,192.0,0.0,97.0,17.0,0.0,712.0
2021-06-29,61.0,29.0,61.0,3.0,0.0,0.0,1.0,0.0,237.0,1.0,105.0,52.0,78.0,628.0
2021-06-30,76.0,43.0,70.0,3.0,1.0,0.0,4.0,0.0,233.0,0.0,74.0,31.0,15.0,550.0
2021-07-01,0.0,0.0,0.0,0.0,0.0,0.0,4.0,0.0,186.0,0.0,79.0,7.0,0.0,276.0
2021-07-02,110.0,84.0,139.0,4.0,1.0,0.0,2.0,0.0,198.0,0.0,66.0,21.0,31.0,656.0
2021-07-03,0.0,0.0,47.0,0.0,0.0,0.0,8.0,0.0,219.0,0.0,62.0,49.0,0.0,385.0
2021-07-04,0.0,0.0,64.0,1.0,0.0,0.0,3.0,0.0,158.0,0.0,40.0,27.0,0.0,293.0
2021-07-05,139.0,85.0,65.0,1.0,13.0,0.0,1.0,0.0,134.0,0.0,78.0,20.0,37.0,573.0
2021-07-06,33.0,7.0,34.0,0.0,0.0,0.0,7.0,0.0,222.0,0.0,87.0,7.0,10.0,407.0
2021-07-07,67.0,59.0,70.0,0.0,0.0,0.0,1.0,0.0,227.0,1.0,69.0,54.0,12.0,560.0
2021-07-08,23.0,63.0,81.0,0.0,0.0,0.0,2.0,0.0,159.0,0.0,73.0,113.0,9.0,523.0
2021-07-09,52.0,112.0,72.0,0.0,2.0,0.0,1.0,0.0,172.0,0.0,72.0,46.0,5.0,534.0
2021-07-10,0.0,0.0,87.0,0.0,0.0,0.0,1.0,0.0,157.0,0.0,60.0,42.0,0.0,347.0
2021-07-11,0.0,0.0,63.0,0.0,0.0,0.0,3.0,0.0,129.0,0.0,54.0,20.0,0.0,269.0
2021-07-12,90.0,123.0,31.0,0.0,0.0,0.0,0.0,0.0,114.0,0.0,60.0,17.0,19.0,454.0
2021-07-13,35.0,33.0,23.0,0.0,5.0,0.0,1.0,0.0,157.0,0.0,80.0,27.0,4.0,365.0
2021-07-14,46.0,41.0,44.0,0.0,3.0,0.0,0.0,0.0,145.0,0.0,32.0,7.0,6.0,324.0
2021-07-15,53.0,58.0,41.0,7.0,23.0,0.0,0.0,0.0,188.0,0.0,40.0,30.0,7.0,447.0
2021-07-16,41.0,45.0,37.0,2.0,0.0,0.0,0.0,0.0,172.0,0.0,43.0,21.0,5.0,366.0
2021-07-17,0.0,0.0,61.0,0.0,0.0,0.0,0.0,0.0,154.0,0.0,97.0,35.0,0.0,347.0
2021-07-18,0.0,0.0,42.0,1.0,0.0,0.0,3.0,0.0,128.0,0.0,81.0,36.0,0.0,291.0
2021-07-19,130.0,156.0,36.0,0.0,4.0,0.0,0.0,0.0,141.0,0.0,61.0,17.0,20.0,565.0
2021-07-20,69.0,76.0,32.0,0.0,0.0,0.0,0.0,0.0,166.0,0.0,0.0,22.0,5.0,370.0
2021-07-21,81.0,78.0,33.0,0.0,0.0,0.0,7.0,0.0,176.0,0.0,103.0,53.0,7.0,538.0
2021-07-22,106.0,89.0,53.0,1.0,0.0,0.0,0.0,0.0,196.0,0.0,0.0,31.0,8.0,484.0
2021-07-23,98.0,112.0,37.0,3.0,0.0,0.0,2.0,0.0,181.0,0.0,101.0,52.0,9.0,595.0
2021-07-24,0.0,0.0,58.0,0.0,0.0,0.0,0.0,0.0,147.0,0.0,121.0,48.0,0.0,374.0
2021-07-25,0.0,0.0,29.0,0.0,0.0,0.0,0.0,0.0,136.0,0.0,102.0,27.0,0.0,294.0
2021-07-26,387.0,267.0,10.0,1.0,0.0,0.0,1.0,0.0,131.0,0.0,75.0,44.0,28.0,944.0
2021-07-27,134.0,150.0,20.0,1.0,0.0,0.0,2.0,0.0,173.0,0.0,73.0,38.0,3.0,594.0
2021-07-28,194.0,185.0,26.0,2.0,0.0,0.0,0.0,0.0,238.0,0.0,133.0,65.0,0.0,843.0
2021-07-29,233.0,202.0,46.0,4.0,0.0,0.0,1.0,0.0,248.0,0.0,138.0,52.0,7.0,931.0
2021-07-30,187.0,243.0,45.0,7.0,0.0,0.0,1.0,0.0,232.0,0.0,125.0,58.0,7.0,905.0
2021-07-31,0.0,0.0,0.0,0.0,0.0,0.0,0.0,0.0,199.0,0.0,189.0,84.0,0.0,472.0
2021-08-01,0.0,0.0,0.0,18.0,0.0,0.0,0.0,0.0,161.0,0.0,158.0,43.0,0.0,380.0
2021-08-02,0.0,0.0,0.0,0.0,3.0,0.0,0.0,0.0,150.0,0.0,154.0,29.0,0.0,336.0
2021-08-03,743.0,742.0,98.0,11.0,0.0,1.0,6.0,0.0,216.0,0.0,175.0,24.0,14.0,2030.0
2021-08-04,206.0,342.0,15.0,2.0,1.0,0.0,2.0,0.0,274.0,0.0,184.0,61.0,6.0,1093.0
2021-08-05,397.0,402.0,33.0,13.0,0.0,0.0,4.0,0.0,359.0,0.0,305.0,70.0,7.0,1590.0
2021-08-06,369.0,464.0,25.0,5.0,2.0,1.0,1.0,0.0,448.0,4.0,218.0,87.0,1.0,1625.0
2021-08-07,0.0,0.0,0.0,0.0,0.0,0.0,0.0,0.0,345.0,0.0,235.0,139.0,0.0,719.0
2021-08-08,0.0,0.0,0.0,20.0,0.0,0.0,0.0,0.0,354.0,0.0,274.0,81.0,0.0,729.0
2021-08-09,1017.0,1079.0,96.0,5.0,0.0,0.0,7.0,0.0,338.0,0.0,250.0,56.0,9.0,2857.0
2021-08-10,279.0,395.0,31.0,8.0,0.0,1.0,1.0,0.0,398.0,2.0,234.0,65.0,3.0,1417.0
2021-08-11,501.0,536.0,32.0,13.0,0.0,0.0,3.0,0.0,535.0,0.0,365.0,92.0,2.0,2079.0
2021-08-12,550.0,513.0,28.0,11.0,0.0,0.0,7.0,0.0,539.0,0.0,369.0,138.0,7.0,2162.0
2021-08-13,582.0,717.0,21.0,19.0,4.0,0.0,1.0,0.0,541.0,0.0,426.0,125.0,2.0,2438.0
2021-08-14,0.0,0.0,0.0,0.0,0.0,0.0,0.0,0.0,511.0,0.0,433.0,128.0,0.0,1072.0
2021-08-15,0.0,0.0,0.0,0.0,0.0,2.0,0.0,0.0,463.0,0.0,321.0,143.0,0.0,929.0
2021-08-16,1407.0,1434.0,77.0,40.0,3.0,13.0,9.0,0.0,438.0,0.0,409.0,87.0,0.0,3917.0
2021-08-17,407.0,501.0,22.0,13.0,0.0,56.0,1.0,0.0,524.0,6.0,323.0,108.0,13.0,1974.0
2021-08-18,678.0,553.0,37.0,16.0,6.0,57.0,9.0,0.0,665.0,0.0,436.0,131.0,8.0,2596.0
2021-08-19,817.0,689.0,26.0,23.0,0.0,0.0,8.0,0.0,710.0,0.0,436.0,190.0,3.0,2902.0
2021-08-20,749.0,663.0,42.0,32.0,2.0,41.0,10.0,0.0,717.0,0.0,527.0,244.0,3.0,3030.0
2021-08-21,0.0,0.0,0.0,0.0,0.0,29.0,0.0,0.0,685.0,0.0,563.0,187.0,0.0,1464.0
2021-08-22,0.0,0.0,0.0,0.0,0.0,0.0,0.0,0.0,508.0,0.0,463.0,220.0,0.0,1191.0
2021-08-23,1972.0,1711.0,107.0,58.0,2.0,0.0,17.0,0.0,536.0,4.0,376.0,18.0,7.0,4808.0
2021-08-24,629.0,641.0,39.0,15.0,0.0,22.0,9.0,0.0,650.0,0.0,345.0,139.0,2.0,2491.0
2021-08-25,1076.0,698.0,103.0,10.0,2.0,7.0,7.0,0.0,802.0,0.0,550.0,216.0,0.0,3471.0
2021-08-26,1112.0,724.0,54.0,8.0,0.0,19.0,1.0,0.0,873.0,0.0,603.0,159.0,1.0,3554.0
2021-08-27,1168.0,867.0,27.0,16.0,7.0,18.0,9.0,0.0,780.0,6.0,612.0,258.0,0.0,3768.0
2021-08-28,0.0,0.0,0.0,0.0,0.0,5.0,0.0,0.0,712.0,0.0,604.0,355.0,0.0,1676.0
2021-08-29,0.0,0.0,0.0,0.0,0.0,0.0,0.0,0.0,597.0,0.0,579.0,258.0,0.0,1434.0
2021-08-30,3056.0,1853.0,175.0,39.0,9.0,0.0,31.0,0.0,635.0,0.0,386.0,201.0,5.0,6390.0
2021-08-31,920.0,655.0,29.0,3.0,0.0,52.0,1.0,0.0,814.0,0.0,425.0,291.0,2.0,3192.0
2021-09-01,1315.0,785.0,49.0,11.0,8.0,9.0,7.0,0.0,800.0,3.0,690.0,321.0,2.0,4000.0
2021-09-02,1339.0,801.0,34.0,10.0,0.0,14.0,4.0,0.0,893.0,0.0,699.0,265.0,1.0,4060.0
2021-09-03,1401.0,671.0,52.0,14.0,5.0,11.0,5.0,1.0,873.0,0.0,750.0,443.0,0.0,4226.0
2021-09-04,0.0,0.0,0.0,0.0,0.0,13.0,7.0,0.0,673.0,0.0,666.0,354.0,0.0,1713.0
2021-09-05,0.0,0.0,0.0,0.0,0.0,0.0,11.0,0.0,623.0,0.0,778.0,389.0,0.0,1801.0
2021-09-06,0.0,0.0,0.0,0.0,15.0,0.0,7.0,0.0,558.0,0.0,530.0,394.0,0.0,1504.0
2021-09-07,4903.0,2425.0,155.0,54.0,5.0,0.0,4.0,0.0,702.0,2.0,515.0,305.0,2.0,9072.0
2021-09-08,1166.0,814.0,52.0,16.0,9.0,23.0,14.0,0.0,845.0,0.0,600.0,397.0,1.0,3937.0
2021-09-09,1510.0,774.0,48.0,17.0,0.0,18.0,17.0,0.0,856.0,0.0,703.0,285.0,2.0,4230.0
2021-09-10,1473.0,820.0,103.0,24.0,12.0,23.0,10.0,0.0,868.0,0.0,879.0,432.0,2.0,4646.0
2021-09-11,0.0,0.0,0.0,0.0,0.0,28.0,32.0,0.0,727.0,0.0,0.0,341.0,0.0,1128.0
2021-09-12,0.0,0.0,0.0,0.0,0.0,0.0,29.0,0.0,590.0,0.0,1752.0,422.0,0.0,2793.0
2021-09-13,4740.0,1984.0,165.0,122.0,9.0,0.0,10.0,1.0,549.0,17.0,639.0,449.0,5.0,8690.0
2021-09-14,1434.0,677.0,52.0,35.0,0.0,56.0,66.0,0.0,840.0,0.0,633.0,508.0,3.0,4304.0
2021-09-15,1609.0,661.0,46.0,63.0,10.0,32.0,6.0,0.0,765.0,0.0,785.0,477.0,3.0,4457.0
2021-09-16,1718.0,706.0,60.0,51.0,0.0,16.0,34.0,0.0,829.0,0.0,782.0,440.0,1.0,4637.0
2021-09-17,2020.0,768.0,86.0,57.0,4.0,25.0,18.0,0.0,738.0,18.0,837.0,476.0,3.0,5050.0
2021-09-18,0.0,0.0,0.0,0.0,0.0,29.0,0.0,0.0,655.0,0.0,821.0,493.0,0.0,1998.0
2021-09-19,0.0,0.0,0.0,0.0,0.0,0.0,0.0,0.0,532.0,0.0,742.0,543.0,0.0,1817.0
2021-09-20,4633.0,1699.0,147.0,199.0,15.0,0.0,55.0,2.0,598.0,14.0,679.0,516.0,9.0,8566.0
2021-09-21,1519.0,525.0,63.0,65.0,16.0,58.0,25.0,0.0,641.0,0.0,587.0,372.0,0.0,3871.0
2021-09-22,1336.0,759.0,58.0,76.0,23.0,27.0,19.0,0.0,719.0,0.0,683.0,426.0,11.0,4137.0
2021-09-23,1660.0,861.0,64.0,52.0,0.0,18.0,41.0,2.0,658.0,0.0,754.0,460.0,2.0,4572.0
2021-09-24,1651.0,743.0,56.0,78.0,45.0,30.0,34.0,0.0,655.0,0.0,701.0,527.0,7.0,4527.0
2021-09-25,0.0,0.0,0.0,61.0,14.0,36.0,0.0,0.0,595.0,0.0,0.0,547.0,0.0,1253.0
2021-09-26,0.0,0.0,0.0,82.0,24.0,0.0,0.0,0.0,454.0,0.0,0.0,552.0,0.0,1112.0
2021-09-27,5181.0,2239.0,294.0,86.0,25.0,0.0,83.0,0.0,500.0,11.0,2033.0,393.0,6.0,10851.0
2021-09-28,1246.0,652.0,39.0,68.0,14.0,52.0,29.0,0.0,605.0,1.0,469.0,449.0,3.0,3627.0
2021-09-29,1682.0,813.0,110.0,84.0,16.0,49.0,40.0,1.0,634.0,0.0,594.0,394.0,1.0,4418.0
2021-09-30,1706.0,0.0,0.0,99.0,0.0,40.0,0.0,0.0,646.0,0.0,655.0,602.0,0.0,3748.0
2021-10-01,1630.0,1449.0,185.0,85.0,41.0,0.0,77.0,0.0,608.0,0.0,643.0,471.0,3.0,5192.0
2021-10-02,0.0,0.0,0.0,140.0,9.0,84.0,0.0,0.0,519.0,0.0,640.0,480.0,0.0,1872.0
2021-10-03,0.0,0.0,0.0,93.0,8.0,0.0,0.0,0.0,510.0,0.0,499.0,354.0,0.0,1464.0
2021-10-04,4037.0,2085.0,315.0,75.0,14.0,0.0,85.0,0.0,434.0,6.0,402.0,445.0,15.0,7913.0
2021-10-05,663.0,593.0,95.0,90.0,5.0,97.0,39.0,0.0,648.0,0.0,436.0,242.0,10.0,2918.0
2021-10-06,1263.0,752.0,88.0,71.0,9.0,65.0,25.0,0.0,586.0,0.0,505.0,476.0,5.0,3845.0
2021-10-07,1254.0,624.0,131.0,116.0,7.0,55.0,29.0,0.0,653.0,0.0,624.0,650.0,5.0,4148.0
2021-10-08,1256.0,743.0,128.0,130.0,8.0,51.0,25.0,2.0,548.0,0.0,643.0,577.0,3.0,4114.0
2021-10-09,0.0,0.0,0.0,100.0,0.0,45.0,27.0,0.0,489.0,0.0,602.0,492.0,0.0,1755.0
2021-10-10,0.0,0.0,0.0,73.0,0.0,0.0,16.0,0.0,361.0,0.0,612.0,507.0,0.0,1569.0
2021-10-11,0.0,0.0,0.0,98.0,0.0,0.0,16.0,5.0,354.0,0.0,480.0,425.0,0.0,1378.0
2021-10-12,3358.0,2090.0,336.0,109.0,21.0,0.0,34.0,0.0,374.0,7.0,409.0,272.0,28.0,7038.0
2021-10-13,652.0,605.0,75.0,82.0,4.0,81.0,22.0,0.0,374.0,0.0,512.0,305.0,3.0,2715.0
2021-10-14,916.0,580.0,104.0,133.0,4.0,43.0,26.0,0.0,586.0,0.0,644.0,315.0,4.0,3355.0
2021-10-15,1051.0,667.0,87.0,87.0,4.0,37.0,18.0,0.0,496.0,0.0,677.0,312.0,6.0,3442.0
2021-10-16,0.0,0.0,0.0,66.0,0.0,21.0,37.0,0.0,384.0,0.0,678.0,412.0,0.0,1598.0
2021-10-17,0.0,0.0,0.0,58.0,0.0,0.0,19.0,3.0,360.0,0.0,532.0,320.0,0.0,1292.0
2021-10-18,2181.0,1845.0,243.0,53.0,8.0,0.0,22.0,0.0,317.0,0.0,410.0,275.0,21.0,5375.0
2021-10-19,531.0,560.0,102.0,50.0,0.0,56.0,6.0,0.0,371.0,6.0,342.0,270.0,9.0,2303.0
2021-10-20,786.0,696.0,51.0,69.0,9.0,18.0,5.0,0.0,444.0,0.0,458.0,246.0,6.0,2788.0
2021-10-21,770.0,715.0,86.0,67.0,0.0,34.0,19.0,0.0,395.0,0.0,428.0,355.0,1.0,2870.0
2021-10-22,656.0,649.0,119.0,40.0,30.0,17.0,23.0,0.0,407.0,0.0,329.0,302.0,3.0,2575.0
2021-10-23,0.0,613.0,0.0,40.0,0.0,23.0,0.0,0.0,314.0,0.0,556.0,232.0,0.0,1778.0
2021-10-24,0.0,529.0,0.0,51.0,0.0,0.0,0.0,0.0,250.0,0.0,429.0,237.0,0.0,1496.0
2021-10-25,1592.0,476.0,319.0,22.0,36.0,0.0,57.0,0.0,307.0,0.0,324.0,170.0,14.0,3317.0
2021-10-26,442.0,457.0,70.0,21.0,0.0,40.0,7.0,0.0,326.0,0.0,340.0,126.0,1.0,1830.0
2021-10-27,645.0,599.0,122.0,57.0,20.0,17.0,26.0,0.0,460.0,0.0,478.0,223.0,10.0,2657.0
2021-10-28,531.0,758.0,113.0,69.0,0.0,17.0,30.0,0.0,414.0,0.0,478.0,237.0,11.0,2658.0
2021-10-29,603.0,584.0,141.0,48.0,8.0,3.0,26.0,0.0,364.0,0.0,511.0,238.0,8.0,2534.0
2021-10-30,0.0,568.0,0.0,33.0,0.0,0.0,0.0,0.0,407.0,0.0,591.0,189.0,0.0,1788.0
2021-10-31,0.0,470.0,0.0,32.0,0.0,0.0,0.0,0.0,324.0,0.0,567.0,170.0,0.0,1563.0
2021-11-01,1210.0,332.0,335.0,31.0,2.0,8.0,59.0,0.0,377.0,0.0,497.0,129.0,23.0,3003.0
2021-11-02,315.0,406.0,121.0,40.0,0.0,9.0,11.0,0.0,448.0,4.0,490.0,109.0,0.0,1953.0
2021-11-03,487.0,430.0,122.0,60.0,1.0,6.0,38.0,0.0,527.0,0.0,525.0,172.0,29.0,2397.0
2021-11-04,516.0,596.0,152.0,39.0,0.0,0.0,50.0,0.0,529.0,0.0,588.0,188.0,22.0,2680.0
2021-11-05,466.0,549.0,126.0,51.0,8.0,0.0,38.0,0.0,599.0,0.0,571.0,141.0,22.0,2571.0
2021-11-06,0.0,0.0,0.0,50.0,0.0,0.0,0.0,0.0,530.0,0.0,688.0,164.0,0.0,1432.0
2021-11-07,0.0,0.0,0.0,53.0,0.0,0.0,0.0,0.0,478.0,0.0,545.0,157.0,0.0,1233.0
2021-11-08,1300.0,1438.0,492.0,44.0,9.0,0.0,111.0,0.0,425.0,0.0,531.0,100.0,70.0,4520.0
2021-11-09,422.0,500.0,177.0,52.0,0.0,39.0,56.0,0.0,579.0,5.0,545.0,85.0,45.0,2505.0
2021-11-10,484.0,555.0,139.0,69.0,7.0,26.0,29.0,0.0,605.0,0.0,672.0,121.0,21.0,2728.0
2021-11-11,0.0,0.0,0.0,70.0,0.0,0.0,0.0,0.0,703.0,0.0,663.0,182.0,0.0,1618.0
2021-11-12,841.0,992.0,354.0,65.0,6.0,0.0,69.0,0.0,663.0,0.0,716.0,122.0,0.0,3828.0
2021-11-13,0.0,0.0,0.0,60.0,0.0,50.0,0.0,0.0,589.0,0.0,715.0,53.0,28.0,1495.0
2021-11-14,0.0,0.0,0.0,65.0,0.0,0.0,0.0,0.0,492.0,0.0,634.0,110.0,0.0,1301.0
2021-11-15,1068.0,1270.0,392.0,40.0,2.0,20.0,98.0,0.0,498.0,4.0,509.0,28.0,97.0,4026.0
2021-11-16,321.0,338.0,93.0,34.0,0.0,7.0,31.0,0.0,681.0,0.0,517.0,85.0,0.0,2107.0
2021-11-17,412.0,324.0,153.0,82.0,4.0,1.0,19.0,0.0,683.0,0.0,718.0,173.0,44.0,2613.0
2021-11-18,383.0,468.0,175.0,72.0,0.0,3.0,22.0,0.0,815.0,0.0,720.0,153.0,27.0,2838.0
2021-11-19,412.0,486.0,194.0,90.0,4.0,0.0,27.0,0.0,676.0,0.0,745.0,89.0,32.0,2755.0
2021-11-20,0.0,0.0,0.0,67.0,0.0,4.0,0.0,0.0,727.0,0.0,815.0,253.0,0.0,1866.0
2021-11-21,0.0,0.0,0.0,90.0,0.0,0.0,0.0,0.0,611.0,0.0,707.0,62.0,0.0,1470.0
2021-11-22,1125.0,1052.0,448.0,62.0,3.0,8.0,60.0,0.0,580.0,17.0,692.0,73.0,45.0,4165.0
2021-11-23,253.0,324.0,126.0,75.0,0.0,11.0,28.0,0.0,774.0,0.0,699.0,68.0,20.0,2378.0
2021-11-24,464.0,322.0,140.0,87.0,4.0,2.0,19.0,0.0,761.0,18.0,882.0,90.0,8.0,2797.0
2021-11-25,379.0,424.0,183.0,95.0,0.0,2.0,22.0,0.0,977.0,0.0,2204.0,96.0,15.0,4397.0
2021-11-26,356.0,341.0,145.0,99.0,6.0,0.0,28.0,0.0,899.0,0.0,1037.0,108.0,6.0,3025.0
2021-11-27,0.0,0.0,0.0,85.0,0.0,0.0,0.0,0.0,873.0,0.0,1171.0,73.0,0.0,2202.0
2021-11-28,0.0,0.0,0.0,45.0,0.0,0.0,0.0,0.0,761.0,0.0,875.0,53.0,0.0,1734.0
2021-11-29,806.0,969.0,333.0,46.0,9.0,0.0,58.0,0.0,707.0,9.0,756.0,49.0,32.0,3774.0
2021-11-30,238.0,358.0,124.0,55.0,0.0,1.0,61.0,0.0,948.0,0.0,784.0,42.0,7.0,2618.0
2021-12-01,430.0,386.0,122.0,93.0,2.0,3.0,34.0,0.0,1064.0,0.0,1196.0,82.0,5.0,3417.0
2021-12-02,366.0,368.0,167.0,95.0,0.0,5.0,40.0,0.0,1110.0,0.0,1146.0,71.0,14.0,3382.0
2021-12-03,349.0,404.0,142.0,97.0,5.0,0.0,19.0,0.0,1181.0,0.0,1355.0,80.0,4.0,3636.0
2021-12-04,0.0,0.0,0.0,77.0,0.0,1.0,0.0,0.0,965.0,0.0,1512.0,68.0,0.0,2623.0
2021-12-05,0.0,0.0,0.0,118.0,0.0,0.0,0.0,1.0,866.0,0.0,1256.0,69.0,0.0,2310.0
2021-12-06,788.0,946.0,537.0,71.0,7.0,0.0,46.0,0.0,1038.0,0.0,1189.0,48.0,17.0,4687.0
2021-12-07,240.0,326.0,93.0,69.0,0.0,0.0,21.0,0.0,1193.0,25.0,1234.0,52.0,2.0,3255.0
2021-12-08,388.0,379.0,175.0,111.0,5.0,0.0,33.0,1.0,1425.0,0.0,1367.0,48.0,5.0,3937.0
2021-12-09,333.0,341.0,201.0,174.0,0.0,0.0,51.0,0.0,1541.0,0.0,1807.0,62.0,6.0,4516.0
2021-12-10,287.0,437.0,193.0,143.0,2.0,1.0,123.0,0.0,1614.0,0.0,198.0,74.0,13.0,3085.0
2021-12-11,0.0,0.0,0.0,126.0,0.0,0.0,129.0,0.0,1557.0,0.0,3797.0,134.0,0.0,5743.0
2021-12-12,0.0,0.0,0.0,112.0,0.0,0.0,111.0,0.0,1518.0,0.0,1753.0,37.0,0.0,3531.0
2021-12-13,863.0,1129.0,472.0,100.0,15.0,1.0,114.0,0.0,1706.0,23.0,1628.0,35.0,17.0,6103.0
2021-12-14,250.0,519.0,161.0,109.0,0.0,0.0,127.0,0.0,2275.0,0.0,1747.0,47.0,5.0,5240.0
2021-12-15,456.0,584.0,200.0,160.0,13.0,5.0,178.0,0.0,3134.0,0.0,2386.0,61.0,4.0,7181.0
2021-12-16,473.0,753.0,211.0,177.0,0.0,6.0,287.0,0.0,3217.0,0.0,2736.0,55.0,8.0,7923.0
2021-12-17,553.0,787.0,234.0,163.0,46.0,0.0,394.0,0.0,4012.0,0.0,3768.0,54.0,7.0,10018.0
2021-12-18,0.0,0.0,0.0,133.0,23.0,0.0,426.0,0.0,4030.0,0.0,3631.0,61.0,0.0,8304.0
2021-12-19,0.0,0.0,0.0,108.0,38.0,0.0,476.0,0.0,3840.0,0.0,3846.0,78.0,0.0,8386.0
2021-12-20,1925.0,2550.0,805.0,118.0,27.0,0.0,485.0,0.0,4881.0,0.0,4571.0,59.0,29.0,15450.0
2021-12-21,786.0,1308.0,298.0,156.0,27.0,1.0,522.0,0.0,5822.0,109.0,5043.0,67.0,2.0,14141.0
2021-12-22,1346.0,1528.0,395.0,237.0,60.0,7.0,537.0,0.0,8321.0,0.0,6361.0,108.0,0.0,18900.0
2021-12-23,1625.0,2046.0,551.0,257.0,100.0,0.0,689.0,3.0,11090.0,0.0,9397.0,198.0,9.0,25965.0
2021-12-24,0.0,2441.0,739.0,265.0,85.0,0.0,611.0,2.0,10706.0,92.0,10031.0,205.0,7.0,25184.0
2021-12-25,0.0,0.0,0.0,0.0,0.0,0.0,569.0,10.0,9000.0,0.0,9206.0,241.0,0.0,19026.0
2021-12-26,0.0,0.0,0.0,0.0,0.0,0.0,578.0,5.0,9566.0,0.0,7874.0,151.0,0.0,18174.0
2021-12-27,0.0,0.0,2144.0,639.0,357.0,0.0,581.0,0.0,10300.0,0.0,8231.0,136.0,0.0,22388.0
2021-12-28,0.0,0.0,822.0,306.0,194.0,0.0,561.0,14.0,12898.0,272.0,12833.0,185.0,0.0,28085.0
2021-12-29,10918.0,11013.0,946.0,486.0,312.0,0.0,586.0,37.0,17160.0,129.0,13149.0,297.0,27.0,55060.0
2021-12-30,4000.0,4383.0,1121.0,572.0,349.0,97.0,511.0,18.0,17090.0,0.0,14188.0,591.0,34.0,42954.0
2021-12-31,0.0,3795.0,1490.0,682.0,431.0,42.0,618.0,38.0,18611.0,0.0,16461.0,742.0,26.0,42936.0
2022-01-01,0.0,0.0,0.0,0.0,442.0,0.0,709.0,0.0,14395.0,344.0,17122.0,0.0,0.0,33012.0
2022-01-02,0.0,0.0,0.0,0.0,466.0,0.0,1184.0,72.0,12421.0,0.0,15845.0,0.0,0.0,29988.0
2022-01-03,0.0,0.0,5411.0,2548.0,519.0,0.0,1020.0,16.0,11514.0,0.0,15293.0,0.0,0.0,36321.0
2022-01-04,17751.0,11861.0,1756.0,746.0,493.0,190.0,1020.0,9.0,12777.0,496.0,0.0,1979.0,189.0,49267.0
2022-01-05,4752.0,3798.0,1787.0,779.0,479.0,76.0,0.0,0.0,13147.0,0.0,14494.0,541.0,66.0,39919.0
2022-01-06,4869.0,3223.0,2537.0,672.0,503.0,157.0,842.0,42.0,13544.0,0.0,14486.0,930.0,74.0,41879.0
2022-01-07,6257.0,3144.0,3263.0,840.0,480.0,149.0,745.0,35.0,12879.0,601.0,15874.0,1183.0,41.0,45491.0
2022-01-08,0.0,0.0,0.0,421.0,412.0,0.0,0.0,0.0,11079.0,0.0,16176.0,944.0,0.0,29032.0
2022-01-09,0.0,0.0,0.0,201.0,367.0,0.0,0.0,0.0,8681.0,0.0,15928.0,1095.0,0.0,26272.0
2022-01-10,17577.0,6966.0,7083.0,220.0,1135.0,306.0,2660.0,51.0,9749.0,430.0,11007.0,1080.0,197.0,58461.0
2022-01-11,4704.0,2239.0,2002.0,191.0,750.0,215.0,816.0,5.0,10217.0,0.0,10573.0,1139.0,0.0,32851.0
2022-01-12,6789.0,2612.0,1471.0,359.0,730.0,145.0,616.0,3.0,11616.0,534.0,8710.0,1095.0,193.0,34873.0
2022-01-13,6010.0,2554.0,1221.0,304.0,686.0,120.0,837.0,12.0,10495.0,0.0,8351.0,941.0,56.0,31587.0
2022-01-14,6163.0,2275.0,1211.0,426.0,475.0,154.0,542.0,7.0,11151.0,434.0,16175.0,1430.0,67.0,40510.0
2022-01-15,0.0,0.0,0.0,409.0,314.0,0.0,0.0,0.0,9565.0,0.0,6705.0,1154.0,0.0,18147.0
2022-01-16,0.0,0.0,0.0,380.0,384.0,0.0,0.0,0.0,7093.0,0.0,5946.0,1474.0,0.0,15277.0
2022-01-17,15886.0,5625.0,2755.0,405.0,242.0,314.0,2214.0,140.0,6522.0,540.0,5400.0,1364.0,0.0,41407.0
2022-01-18,3279.0,2032.0,839.0,330.0,295.0,179.0,495.0,27.0,7032.0,0.0,5143.0,1104.0,109.0,20864.0
2022-01-19,3837.0,2387.0,914.0,498.0,511.0,138.0,415.0,20.0,6624.0,711.0,6123.0,1259.0,35.0,23472.0
2022-01-20,3527.0,2150.0,850.0,488.0,360.0,136.0,527.0,0.0,7192.0,0.0,6528.0,1170.0,38.0,22966.0
2022-01-21,3592.0,2364.0,825.0,514.0,324.0,172.0,696.0,55.0,5369.0,0.0,5995.0,1258.0,29.0,21193.0
2022-01-22,0.0,0.0,0.0,462.0,283.0,0.0,0.0,0.0,5461.0,516.0,5547.0,1514.0,0.0,13783.0
2022-01-23,0.0,0.0,0.0,0.0,361.0,0.0,0.0,0.0,3265.0,0.0,0.0,1642.0,0.0,5268.0
2022-01-24,0.0,0.0,2112.0,926.0,349.0,282.0,1606.0,61.0,4550.0,654.0,7948.0,914.0,110.0,19512.0
2022-01-25,11225.0,6708.0,637.0,350.0,296.0,158.0,362.0,81.0,5102.0,0.0,2977.0,1049.0,22.0,28967.0
2022-01-26,0.0,0.0,0.0,0.0,304.0,175.0,492.0,0.0,5437.0,0.0,0.0,1246.0,0.0,7654.0
2022-01-27,6559.0,4119.0,1201.0,908.0,378.0,151.0,346.0,48.0,4697.0,530.0,8106.0,1300.0,57.0,28400.0
2022-01-28,3036.0,1634.0,891.0,396.0,265.0,168.0,366.0,98.0,4188.0,462.0,3600.0,1412.0,23.0,16539.0
2022-01-29,0.0,0.0,0.0,397.0,208.0,0.0,0.0,0.0,3216.0,0.0,3509.0,1106.0,0.0,8436.0
2022-01-30,0.0,0.0,0.0,274.0,210.0,0.0,0.0,122.0,2499.0,0.0,2838.0,1347.0,0.0,7290.0
2022-01-31,6537.0,4075.0,1782.0,169.0,183.0,251.0,1548.0,30.0,2985.0,505.0,2423.0,748.0,45.0,21281.0
2022-02-01,1980.0,1236.0,487.0,228.0,179.0,208.0,256.0,83.0,3862.0,0.0,2730.0,666.0,22.0,11937.0
2022-02-02,3024.0,1774.0,524.0,381.0,248.0,148.0,274.0,0.0,3923.0,600.0,3816.0,622.0,18.0,15352.0
2022-02-03,2370.0,1518.0,357.0,411.0,198.0,142.0,395.0,71.0,3247.0,0.0,3592.0,849.0,22.0,13172.0
2022-02-04,2086.0,1495.0,620.0,401.0,258.0,187.0,401.0,44.0,3030.0,385.0,3400.0,773.0,18.0,13098.0
2022-02-05,0.0,0.0,0.0,296.0,222.0,0.0,0.0,0.0,2141.0,0.0,2955.0,1009.0,0.0,6623.0
2022-02-06,0.0,0.0,0.0,154.0,110.0,0.0,0.0,0.0,1838.0,0.0,2568.0,733.0,0.0,5403.0
2022-02-07,4618.0,3287.0,1107.0,261.0,166.0,296.0,1325.0,54.0,2647.0,0.0,2240.0,0.0,49.0,16050.0
2022-02-08,1667.0,1117.0,409.0,259.0,210.0,73.0,313.0,22.0,3109.0,340.0,2504.0,0.0,17.0,10040.0
2022-02-09,1684.0,1187.0,467.0,321.0,250.0,110.0,219.0,36.0,2681.0,0.0,3361.0,0.0,9.0,10325.0
2022-02-10,1363.0,1318.0,565.0,351.0,243.0,97.0,365.0,0.0,2709.0,451.0,2894.0,0.0,25.0,10381.0
2022-02-11,1400.0,1038.0,664.0,359.0,267.0,217.0,365.0,67.0,2596.0,414.0,0.0,0.0,16.0,7403.0
2022-02-12,0.0,0.0,0.0,303.0,244.0,0.0,0.0,0.0,1754.0,0.0,5021.0,2522.0,0.0,9844.0
2022-02-13,0.0,0.0,0.0,266.0,237.0,0.0,0.0,0.0,1242.0,0.0,1870.0,0.0,0.0,3615.0
2022-02-14,2647.0,2701.0,1166.0,190.0,174.0,335.0,941.0,120.0,1916.0,531.0,1431.0,0.0,37.0,12189.0
2022-02-15,838.0,246.0,384.0,276.0,213.0,98.0,158.0,29.0,2241.0,0.0,1973.0,0.0,0.0,6456.0
2022-02-16,888.0,750.0,338.0,305.0,179.0,131.0,226.0,43.0,2111.0,447.0,2328.0,0.0,10.0,7756.0
2022-02-17,813.0,657.0,415.0,321.0,316.0,80.0,223.0,35.0,2268.0,0.0,2055.0,0.0,12.0,7195.0
2022-02-18,619.0,692.0,339.0,254.0,234.0,98.0,242.0,50.0,1829.0,545.0,1837.0,0.0,8.0,6747.0
2022-02-19,0.0,0.0,0.0,0.0,306.0,0.0,0.0,0.0,1502.0,0.0,1736.0,0.0,0.0,3544.0
2022-02-20,0.0,0.0,0.0,0.0,124.0,0.0,0.0,0.0,1127.0,0.0,1197.0,0.0,0.0,2448.0
2022-02-21,0.0,0.0,0.0,0.0,237.0,217.0,734.0,136.0,1269.0,0.0,1064.0,0.0,0.0,3657.0
2022-02-22,0.0,1766.0,810.0,1148.0,246.0,122.0,0.0,0.0,1815.0,611.0,1438.0,0.0,35.0,7991.0
2022-02-23,3134.0,799.0,361.0,300.0,248.0,71.0,111.0,93.0,2272.0,554.0,1861.0,0.0,8.0,9812.0
2022-02-24,682.0,0.0,315.0,365.0,287.0,99.0,200.0,48.0,2234.0,0.0,1517.0,0.0,14.0,5761.0
2022-02-25,595.0,1135.0,305.0,382.0,392.0,88.0,187.0,0.0,1884.0,715.0,1542.0,1407.0,0.0,8632.0
2022-02-26,0.0,0.0,0.0,0.0,296.0,0.0,0.0,0.0,1516.0,0.0,0.0,0.0,0.0,1812.0
2022-02-27,0.0,0.0,0.0,0.0,256.0,0.0,0.0,0.0,1117.0,0.0,2211.0,0.0,0.0,3584.0
2022-02-28,1435.0,974.0,536.0,1065.0,327.0,115.0,170.0,145.0,1337.0,933.0,845.0,0.0,37.0,7919.0
2022-03-01,0.0,466.0,221.0,287.0,366.0,127.0,887.0,0.0,1950.0,0.0,802.0,0.0,4.0,5110.0
2022-03-02,747.0,442.0,159.0,386.0,389.0,83.0,217.0,141.0,751.0,962.0,1630.0,0.0,6.0,5913.0
2022-03-03,539.0,391.0,162.0,391.0,497.0,73.0,362.0,0.0,4681.0,0.0,1257.0,0.0,2.0,8355.0
2022-03-04,502.0,340.0,171.0,391.0,450.0,42.0,421.0,101.0,3590.0,1029.0,1354.0,1102.0,10.0,9503.0
2022-03-05,0.0,0.0,0.0,0.0,469.0,0.0,0.0,0.0,1518.0,0.0,1210.0,0.0,0.0,3197.0
2022-03-06,0.0,0.0,0.0,0.0,332.0,0.0,0.0,0.0,1371.0,0.0,910.0,0.0,0.0,2613.0
2022-03-07,1113.0,997.0,422.0,1133.0,443.0,109.0,294.0,108.0,1704.0,1327.0,775.0,0.0,30.0,8455.0
2022-03-08,467.0,200.0,141.0,242.0,535.0,94.0,0.0,7.0,1523.0,0.0,935.0,0.0,9.0,4153.0
2022-03-09,552.0,274.0,206.0,342.0,596.0,75.0,0.0,30.0,1949.0,1282.0,1426.0,0.0,9.0,6741.0
2022-03-10,552.0,336.0,192.0,455.0,680.0,66.0,0.0,0.0,2046.0,0.0,1267.0,0.0,13.0,5607.0
2022-03-11,473.0,288.0,194.0,403.0,582.0,48.0,1382.0,65.0,1625.0,798.0,1179.0,1012.0,9.0,8058.0
2022-03-12,0.0,0.0,0.0,0.0,735.0,0.0,0.0,0.0,0.0,0.0,1089.0,0.0,0.0,1824.0
2022-03-13,0.0,0.0,0.0,0.0,527.0,0.0,0.0,0.0,0.0,0.0,866.0,0.0,0.0,1393.0
2022-03-14,1351.0,689.0,415.0,0.0,443.0,76.0,0.0,0.0,0.0,857.0,670.0,0.0,21.0,4522.0
2022-03-15,459.0,237.0,172.0,808.0,483.0,76.0,0.0,0.0,5765.0,0.0,1023.0,0.0,8.0,9031.0
2022-03-16,593.0,174.0,243.0,0.0,0.0,71.0,0.0,66.0,2000.0,747.0,1380.0,0.0,16.0,5290.0
2022-03-17,619.0,240.0,234.0,0.0,560.0,53.0,0.0,0.0,2477.0,0.0,0.0,0.0,16.0,4199.0
2022-03-18,502.0,199.0,183.0,0.0,0.0,53.0,0.0,0.0,0.0,0.0,2632.0,832.0,12.0,4413.0
2022-03-19,0.0,0.0,0.0,0.0,0.0,0.0,0.0,0.0,1644.0,0.0,1363.0,0.0,0.0,3007.0
2022-03-20,0.0,0.0,0.0,0.0,0.0,0.0,0.0,0.0,1300.0,0.0,953.0,0.0,0.0,2253.0
2022-03-21,0.0,506.0,385.0,0.0,1272.0,99.0,2888.0,0.0,2059.0,0.0,907.0,0.0,37.0,8153.0
2022-03-22,0.0,250.0,104.0,2781.0,1222.0,63.0,0.0,69.0,1550.0,2038.0,1383.0,0.0,6.0,9466.0
2022-03-23,1881.0,269.0,137.0,0.0,0.0,101.0,0.0,0.0,2304.0,0.0,2111.0,0.0,21.0,6824.0
2022-03-24,0.0,271.0,205.0,0.0,686.0,129.0,0.0,0.0,2559.0,0.0,2295.0,895.0,13.0,7053.0
2022-03-25,0.0,218.0,148.0,0.0,0.0,98.0,3453.0,0.0,2808.0,0.0,2203.0,0.0,16.0,8944.0
2022-03-26,0.0,0.0,0.0,0.0,0.0,0.0,0.0,0.0,2158.0,0.0,2216.0,0.0,0.0,4374.0
2022-03-27,0.0,0.0,0.0,0.0,0.0,0.0,0.0,0.0,1770.0,0.0,1884.0,0.0,0.0,3654.0
2022-03-28,0.0,556.0,0.0,0.0,961.0,214.0,0.0,0.0,2756.0,0.0,1614.0,0.0,49.0,6150.0
2022-03-29,0.0,313.0,0.0,3096.0,1157.0,132.0,0.0,0.0,1895.0,2454.0,2171.0,0.0,16.0,11234.0
2022-03-30,4567.0,291.0,0.0,0.0,0.0,100.0,0.0,72.0,2867.0,0.0,3067.0,0.0,12.0,10976.0
2022-03-31,0.0,249.0,980.0,0.0,920.0,98.0,0.0,0.0,3202.0,0.0,3319.0,0.0,23.0,8791.0
2022-04-01,0.0,271.0,0.0,0.0,0.0,74.0,4188.0,0.0,3533.0,0.0,3185.0,1196.0,23.0,12470.0
2022-04-02,0.0,0.0,0.0,3657.0,299.0,0.0,0.0,0.0,0.0,0.0,3058.0,0.0,0.0,7014.0
2022-04-03,0.0,0.0,0.0,0.0,0.0,0.0,0.0,0.0,0.0,0.0,2581.0,0.0,0.0,2581.0
2022-04-04,0.0,86.0,0.0,0.0,389.0,53.0,0.0,0.0,0.0,0.0,0.0,0.0,32.0,560.0
2022-04-05,0.0,642.0,0.0,0.0,674.0,0.0,0.0,59.0,0.0,2576.0,4946.0,0.0,7.0,8904.0
2022-04-06,5514.0,258.0,0.0,0.0,0.0,0.0,0.0,0.0,0.0,0.0,3761.0,0.0,19.0,9552.0
2022-04-07,0.0,216.0,1359.0,0.0,643.0,0.0,0.0,0.0,0.0,0.0,3777.0,0.0,24.0,6019.0
2022-04-08,0.0,0.0,0.0,0.0,0.0,0.0,0.0,0.0,0.0,0.0,0.0,0.0,0.0,0.0
2022-04-09,0.0,0.0,0.0,3958.0,0.0,0.0,6991.0,0.0,0.0,0.0,3572.0,1032.0,14.0,15567.0
2022-04-10,0.0,0.0,0.0,0.0,0.0,0.0,0.0,0.0,0.0,0.0,0.0,0.0,0.0,0.0
2022-04-11,0.0,0.0,0.0,0.0,0.0,132.0,0.0,0.0,0.0,0.0,0.0,0.0,0.0,132.0
2022-04-12,0.0,0.0,0.0,0.0,0.0,0.0,0.0,0.0,0.0,0.0,0.0,0.0,0.0,0.0
2022-04-13,6156.0,0.0,0.0,0.0,1251.0,0.0,0.0,0.0,39625.0,2229.0,14357.0,0.0,60.0,63678.0
2022-04-14,0.0,1028.0,1698.0,0.0,451.0,0.0,6912.0,0.0,4600.0,0.0,3190.0,1051.0,15.0,18945.0
2022-04-15,0.0,0.0,0.0,0.0,0.0,0.0,0.0,0.0,0.0,0.0,3147.0,0.0,0.0,3147.0
2022-04-16,0.0,0.0,0.0,2956.0,0.0,0.0,0.0,0.0,11193.0,0.0,2538.0,0.0,0.0,16687.0
2022-04-17,0.0,0.0,0.0,0.0,0.0,0.0,0.0,0.0,0.0,0.0,1938.0,0.0,0.0,1938.0
2022-04-18,0.0,0.0,0.0,0.0,0.0,0.0,0.0,0.0,10470.0,0.0,1504.0,0.0,0.0,11974.0
2022-04-19,0.0,0.0,0.0,0.0,723.0,81.0,0.0,0.0,3333.0,1928.0,1783.0,0.0,45.0,7893.0
2022-04-20,6080.0,0.0,0.0,0.0,0.0,0.0,0.0,0.0,5005.0,0.0,2330.0,0.0,18.0,13433.0
2022-04-21,0.0,2032.0,1194.0,0.0,368.0,0.0,0.0,0.0,3996.0,0.0,2912.0,0.0,13.0,10515.0
2022-04-22,0.0,0.0,0.0,0.0,0.0,0.0,7508.0,0.0,6371.0,0.0,2496.0,890.0,25.0,17290.0
2022-04-23,0.0,0.0,0.0,0.0,0.0,0.0,0.0,0.0,2650.0,0.0,2101.0,0.0,0.0,4751.0
2022-04-24,0.0,0.0,0.0,0.0,0.0,0.0,0.0,0.0,2982.0,0.0,1675.0,0.0,0.0,4657.0
2022-04-25,0.0,0.0,0.0,0.0,272.0,69.0,0.0,0.0,2211.0,0.0,1305.0,0.0,26.0,3883.0
2022-04-26,0.0,0.0,0.0,0.0,312.0,0.0,0.0,0.0,3853.0,1738.0,1670.0,0.0,17.0,7590.0
2022-04-27,6569.0,0.0,0.0,1988.0,0.0,0.0,0.0,0.0,2465.0,0.0,2063.0,0.0,0.0,13085.0
2022-04-28,0.0,2268.0,1466.0,0.0,207.0,0.0,0.0,0.0,2760.0,0.0,1768.0,0.0,28.0,8497.0
2022-04-29,0.0,0.0,0.0,0.0,0.0,0.0,5436.0,0.0,4306.0,0.0,1649.0,829.0,9.0,12229.0
2022-04-30,0.0,0.0,0.0,0.0,0.0,0.0,0.0,0.0,1899.0,0.0,1557.0,0.0,0.0,3456.0
2022-05-01,0.0,0.0,0.0,0.0,0.0,0.0,0.0,0.0,1519.0,0.0,1100.0,0.0,0.0,2619.0
2022-05-02,0.0,0.0,0.0,0.0,228.0,87.0,0.0,0.0,1424.0,0.0,906.0,0.0,21.0,2666.0
2022-05-03,0.0,0.0,0.0,0.0,197.0,0.0,0.0,0.0,2993.0,1163.0,1194.0,0.0,9.0,5556.0
2022-05-04,5754.0,0.0,0.0,1392.0,0.0,0.0,0.0,0.0,2011.0,0.0,1630.0,0.0,11.0,10798.0
2022-05-05,0.0,2275.0,1042.0,0.0,184.0,0.0,0.0,0.0,2205.0,0.0,1416.0,0.0,17.0,7139.0
2022-05-06,0.0,0.0,0.0,0.0,0.0,0.0,3415.0,0.0,3535.0,0.0,1246.0,766.0,8.0,8970.0
2022-05-07,0.0,0.0,0.0,0.0,0.0,0.0,0.0,0.0,1389.0,0.0,1069.0,0.0,0.0,2458.0
2022-05-08,0.0,0.0,0.0,0.0,0.0,0.0,0.0,0.0,1322.0,0.0,822.0,0.0,0.0,2144.0
2022-05-09,0.0,0.0,0.0,0.0,212.0,53.0,0.0,0.0,1256.0,0.0,622.0,0.0,28.0,2171.0
2022-05-10,0.0,0.0,0.0,0.0,151.0,0.0,0.0,0.0,2562.0,899.0,772.0,0.0,4.0,4388.0
2022-05-11,4379.0,0.0,0.0,1338.0,0.0,0.0,0.0,0.0,1383.0,0.0,1101.0,0.0,7.0,8208.0
2022-05-12,0.0,1982.0,902.0,0.0,145.0,0.0,0.0,0.0,1680.0,0.0,767.0,0.0,9.0,5485.0
2022-05-13,0.0,0.0,0.0,0.0,0.0,0.0,3118.0,0.0,3035.0,0.0,900.0,710.0,8.0,7771.0
2022-05-14,0.0,0.0,0.0,0.0,0.0,0.0,0.0,0.0,0.0,0.0,798.0,0.0,0.0,798.0
2022-05-15,0.0,0.0,0.0,0.0,0.0,0.0,0.0,0.0,0.0,0.0,634.0,0.0,0.0,634.0
2022-05-16,0.0,0.0,0.0,0.0,108.0,0.0,0.0,0.0,399.0,0.0,457.0,0.0,10.0,974.0
2022-05-17,0.0,0.0,0.0,0.0,0.0,0.0,0.0,0.0,4901.0,792.0,628.0,0.0,7.0,6328.0
2022-05-18,3106.0,0.0,0.0,1004.0,0.0,0.0,0.0,0.0,1202.0,0.0,725.0,0.0,4.0,6041.0
2022-05-19,0.0,1643.0,728.0,0.0,264.0,0.0,0.0,0.0,1163.0,0.0,626.0,0.0,6.0,4430.0
2022-05-20,0.0,0.0,0.0,0.0,0.0,0.0,2513.0,0.0,2239.0,0.0,612.0,465.0,4.0,5833.0
2022-05-21,0.0,0.0,0.0,0.0,0.0,0.0,0.0,0.0,784.0,0.0,599.0,0.0,0.0,1383.0
2022-05-22,0.0,0.0,0.0,0.0,0.0,0.0,0.0,0.0,642.0,0.0,453.0,0.0,0.0,1095.0
2022-05-23,0.0,0.0,0.0,0.0,0.0,10.0,0.0,0.0,0.0,0.0,326.0,0.0,0.0,336.0
2022-05-24,0.0,0.0,0.0,0.0,0.0,0.0,0.0,0.0,1170.0,454.0,417.0,0.0,14.0,2055.0
2022-05-25,2590.0,0.0,0.0,768.0,0.0,0.0,0.0,0.0,604.0,0.0,584.0,0.0,3.0,4549.0
2022-05-26,0.0,1357.0,537.0,0.0,366.0,0.0,0.0,0.0,818.0,0.0,705.0,0.0,4.0,3787.0
2022-05-27,0.0,0.0,0.0,0.0,0.0,0.0,1584.0,0.0,2712.0,0.0,590.0,376.0,8.0,5270.0
2022-05-28,0.0,0.0,0.0,0.0,0.0,0.0,0.0,0.0,613.0,0.0,577.0,0.0,0.0,1190.0
2022-05-29,0.0,0.0,0.0,0.0,0.0,0.0,0.0,0.0,556.0,0.0,424.0,0.0,0.0,980.0
2022-05-30,0.0,0.0,0.0,0.0,0.0,21.0,0.0,0.0,535.0,0.0,350.0,0.0,8.0,914.0
2022-05-31,0.0,0.0,0.0,0.0,0.0,0.0,0.0,0.0,1509.0,0.0,516.0,0.0,1.0,2026.0
2022-06-01,2231.0,0.0,0.0,554.0,334.0,0.0,0.0,0.0,683.0,0.0,708.0,0.0,2.0,4512.0
2022-06-02,0.0,1161.0,416.0,0.0,74.0,0.0,0.0,0.0,731.0,0.0,699.0,0.0,6.0,3087.0
2022-06-03,0.0,0.0,0.0,0.0,0.0,0.0,1563.0,0.0,1029.0,0.0,542.0,364.0,2.0,3500.0
2022-06-04,0.0,0.0,0.0,0.0,0.0,21.0,0.0,0.0,1071.0,0.0,568.0,0.0,0.0,1660.0
2022-06-05,0.0,0.0,0.0,0.0,0.0,0.0,0.0,0.0,435.0,0.0,437.0,0.0,0.0,872.0
2022-06-06,0.0,0.0,0.0,0.0,0.0,0.0,0.0,0.0,496.0,0.0,368.0,0.0,6.0,870.0
2022-06-07,0.0,0.0,0.0,0.0,0.0,0.0,0.0,0.0,1198.0,1108.0,630.0,0.0,0.0,2936.0
2022-06-08,1651.0,0.0,0.0,533.0,0.0,0.0,0.0,0.0,819.0,0.0,738.0,0.0,1.0,3742.0
2022-06-09,0.0,891.0,339.0,0.0,464.0,0.0,0.0,0.0,616.0,0.0,0.0,0.0,4.0,2314.0
2022-06-10,0.0,0.0,0.0,0.0,0.0,0.0,1474.0,0.0,1325.0,0.0,1446.0,517.0,2.0,4764.0
2022-06-11,0.0,0.0,0.0,471.0,244.0,17.0,2476.0,0.0,0.0,0.0,710.0,0.0,0.0,3918.0
2022-06-12,0.0,0.0,0.0,0.0,0.0,0.0,0.0,0.0,925.0,0.0,496.0,0.0,0.0,1421.0
2022-06-13,0.0,0.0,0.0,0.0,0.0,0.0,0.0,0.0,375.0,0.0,480.0,0.0,5.0,860.0
2022-06-14,0.0,0.0,0.0,0.0,0.0,0.0,0.0,0.0,1067.0,691.0,655.0,0.0,4.0,2417.0
2022-06-15,1345.0,0.0,0.0,0.0,0.0,0.0,0.0,0.0,80.0,0.0,895.0,0.0,0.0,2320.0
2022-06-16,0.0,725.0,228.0,0.0,0.0,0.0,0.0,0.0,1003.0,0.0,812.0,0.0,6.0,2774.0
2022-06-17,0.0,0.0,0.0,0.0,0.0,0.0,0.0,0.0,875.0,0.0,877.0,0.0,5.0,1757.0
2022-06-18,0.0,0.0,0.0,425.0,462.0,4.0,1571.0,0.0,0.0,0.0,787.0,231.0,0.0,3480.0
2022-06-19,0.0,0.0,0.0,0.0,0.0,0.0,0.0,0.0,0.0,0.0,0.0,0.0,0.0,0.0
2022-06-20,0.0,0.0,0.0,0.0,0.0,0.0,0.0,0.0,129.0,0.0,1138.0,0.0,6.0,1273.0
2022-06-21,0.0,0.0,0.0,0.0,0.0,0.0,0.0,0.0,965.0,621.0,844.0,0.0,0.0,2430.0
2022-06-22,1782.0,0.0,0.0,0.0,0.0,0.0,0.0,0.0,74.0,0.0,1110.0,0.0,7.0,2973.0
2022-06-23,0.0,638.0,203.0,0.0,0.0,0.0,0.0,0.0,2785.0,0.0,1138.0,0.0,4.0,4768.0
2022-06-24,0.0,0.0,0.0,0.0,0.0,0.0,0.0,0.0,1062.0,0.0,1207.0,0.0,6.0,2275.0
2022-06-25,0.0,0.0,0.0,484.0,420.0,0.0,1471.0,0.0,0.0,0.0,896.0,208.0,0.0,3479.0
2022-06-26,0.0,0.0,0.0,0.0,0.0,0.0,0.0,0.0,0.0,0.0,682.0,0.0,0.0,682.0
2022-06-27,0.0,0.0,0.0,0.0,0.0,0.0,0.0,0.0,168.0,0.0,695.0,0.0,10.0,873.0
2022-06-28,0.0,0.0,0.0,0.0,0.0,0.0,0.0,0.0,1350.0,808.0,1272.0,0.0,5.0,3435.0
2022-06-29,801.0,0.0,0.0,0.0,0.0,0.0,0.0,0.0,93.0,0.0,1718.0,0.0,7.0,2619.0
2022-06-30,0.0,620.0,172.0,0.0,0.0,0.0,0.0,0.0,3802.0,0.0,1568.0,0.0,1.0,6163.0
2022-07-01,0.0,0.0,0.0,0.0,0.0,0.0,0.0,0.0,0.0,0.0,1429.0,0.0,0.0,1429.0
2022-07-02,0.0,0.0,0.0,768.0,406.0,0.0,1675.0,0.0,0.0,0.0,1193.0,0.0,0.0,4042.0
2022-07-03,0.0,0.0,0.0,0.0,0.0,0.0,0.0,0.0,0.0,0.0,926.0,0.0,0.0,926.0
2022-07-04,0.0,0.0,0.0,0.0,0.0,0.0,0.0,0.0,314.0,0.0,0.0,0.0,18.0,332.0
2022-07-05,0.0,0.0,0.0,0.0,0.0,0.0,0.0,0.0,2616.0,1070.0,2312.0,0.0,1.0,5999.0
2022-07-06,1035.0,0.0,0.0,0.0,0.0,0.0,0.0,0.0,0.0,0.0,0.0,0.0,0.0,1035.0
2022-07-07,0.0,763.0,125.0,0.0,0.0,0.0,0.0,0.0,4285.0,0.0,3594.0,0.0,0.0,8767.0
2022-07-08,0.0,0.0,0.0,0.0,0.0,0.0,0.0,0.0,1960.0,0.0,1597.0,0.0,9.0,3566.0
2022-07-09,0.0,0.0,0.0,0.0,0.0,0.0,0.0,0.0,0.0,0.0,1460.0,0.0,0.0,1460.0
2022-07-10,0.0,0.0,0.0,0.0,0.0,0.0,0.0,0.0,0.0,0.0,1071.0,0.0,0.0,1071.0
2022-07-11,0.0,0.0,0.0,0.0,0.0,0.0,0.0,0.0,0.0,0.0,1016.0,0.0,17.0,1033.0
2022-07-12,0.0,0.0,0.0,0.0,0.0,0.0,0.0,0.0,2066.0,1270.0,0.0,0.0,1.0,3337.0
2022-07-13,1357.0,0.0,0.0,0.0,0.0,0.0,0.0,0.0,0.0,0.0,3603.0,0.0,13.0,4973.0
2022-07-14,0.0,972.0,230.0,0.0,0.0,0.0,0.0,0.0,6075.0,0.0,10810.0,0.0,12.0,18099.0
2022-07-15,0.0,0.0,0.0,1044.0,414.0,7.0,1418.0,0.0,882.0,0.0,1881.0,0.0,11.0,5657.0
2022-07-16,0.0,0.0,0.0,0.0,0.0,0.0,0.0,0.0,0.0,0.0,1984.0,0.0,0.0,1984.0
2022-07-17,0.0,0.0,0.0,0.0,0.0,0.0,0.0,0.0,0.0,0.0,0.0,0.0,0.0,0.0
2022-07-18,0.0,0.0,0.0,0.0,0.0,0.0,0.0,0.0,0.0,0.0,0.0,0.0,25.0,25.0
2022-07-19,0.0,0.0,0.0,0.0,0.0,0.0,0.0,0.0,4034.0,1706.0,5035.0,0.0,4.0,10779.0
2022-07-20,1684.0,0.0,0.0,0.0,0.0,0.0,0.0,0.0,0.0,0.0,2418.0,0.0,8.0,4110.0
2022-07-21,0.0,1043.0,171.0,0.0,0.0,0.0,0.0,0.0,7082.0,0.0,2124.0,0.0,4.0,10424.0
2022-07-22,0.0,0.0,0.0,1004.0,361.0,5.0,3644.0,0.0,933.0,0.0,1919.0,628.0,0.0,8494.0
2022-07-23,0.0,0.0,0.0,0.0,0.0,0.0,0.0,0.0,0.0,0.0,1654.0,0.0,0.0,1654.0
2022-07-24,0.0,0.0,0.0,0.0,0.0,0.0,0.0,0.0,0.0,0.0,1278.0,0.0,0.0,1278.0
2022-07-25,0.0,0.0,0.0,0.0,0.0,0.0,0.0,0.0,0.0,0.0,1265.0,0.0,11.0,1276.0
2022-07-26,0.0,0.0,0.0,0.0,0.0,0.0,0.0,0.0,4221.0,1388.0,1767.0,0.0,9.0,7385.0
2022-07-27,1707.0,0.0,0.0,0.0,0.0,0.0,0.0,0.0,0.0,0.0,1780.0,0.0,21.0,3508.0
2022-07-28,0.0,919.0,242.0,0.0,0.0,0.0,0.0,0.0,7145.0,0.0,1671.0,0.0,19.0,9996.0
2022-07-29,0.0,0.0,0.0,938.0,458.0,0.0,1900.0,0.0,700.0,0.0,1460.0,0.0,13.0,5469.0
2022-07-30,0.0,0.0,0.0,0.0,0.0,0.0,0.0,0.0,0.0,0.0,1336.0,0.0,0.0,1336.0
2022-07-31,0.0,0.0,0.0,0.0,0.0,0.0,0.0,0.0,0.0,0.0,944.0,0.0,0.0,944.0
2022-08-01,0.0,0.0,0.0,0.0,0.0,0.0,0.0,0.0,0.0,0.0,962.0,0.0,29.0,991.0
2022-08-02,0.0,0.0,0.0,0.0,0.0,0.0,0.0,0.0,3283.0,1011.0,1354.0,0.0,13.0,5661.0
2022-08-03,1652.0,0.0,0.0,0.0,0.0,0.0,0.0,0.0,0.0,0.0,1505.0,0.0,5.0,3162.0
2022-08-04,0.0,983.0,258.0,0.0,0.0,0.0,0.0,0.0,0.0,0.0,1389.0,0.0,7.0,2637.0
2022-08-05,0.0,0.0,0.0,747.0,336.0,0.0,1748.0,0.0,17497.0,0.0,1013.0,0.0,3.0,21344.0
2022-08-06,0.0,0.0,0.0,0.0,0.0,0.0,0.0,0.0,0.0,0.0,1070.0,0.0,0.0,1070.0
2022-08-07,0.0,0.0,0.0,0.0,0.0,0.0,0.0,0.0,0.0,0.0,753.0,0.0,0.0,753.0
2022-08-08,0.0,0.0,0.0,0.0,0.0,0.0,0.0,0.0,0.0,0.0,749.0,0.0,27.0,776.0
2022-08-09,0.0,0.0,0.0,0.0,0.0,0.0,0.0,0.0,0.0,776.0,1243.0,0.0,2.0,2021.0
2022-08-10,1765.0,0.0,0.0,0.0,0.0,0.0,0.0,0.0,0.0,0.0,1211.0,0.0,1.0,2977.0
2022-08-11,0.0,900.0,350.0,0.0,0.0,0.0,0.0,0.0,10485.0,0.0,1250.0,0.0,5.0,12990.0
2022-08-12,0.0,0.0,0.0,742.0,343.0,0.0,1725.0,0.0,845.0,0.0,1154.0,0.0,7.0,4816.0
2022-08-13,0.0,0.0,0.0,0.0,0.0,0.0,0.0,0.0,0.0,0.0,0.0,0.0,0.0,0.0
2022-08-14,0.0,0.0,0.0,0.0,0.0,0.0,0.0,0.0,0.0,0.0,0.0,0.0,0.0,0.0
2022-08-15,0.0,0.0,0.0,0.0,0.0,0.0,0.0,0.0,0.0,0.0,0.0,0.0,0.0,0.0
2022-08-16,0.0,0.0,0.0,0.0,0.0,0.0,0.0,0.0,2850.0,571.0,3637.0,0.0,16.0,7074.0
2022-08-17,1613.0,0.0,0.0,0.0,0.0,0.0,0.0,0.0,0.0,0.0,1262.0,0.0,0.0,2875.0
2022-08-18,0.0,875.0,455.0,0.0,0.0,0.0,0.0,0.0,6691.0,0.0,1157.0,0.0,2.0,9180.0
2022-08-19,0.0,0.0,0.0,675.0,339.0,0.0,1529.0,0.0,690.0,0.0,999.0,1524.0,4.0,5760.0
2022-08-20,0.0,0.0,0.0,0.0,0.0,0.0,0.0,0.0,0.0,0.0,854.0,0.0,0.0,854.0
2022-08-21,0.0,0.0,0.0,0.0,0.0,0.0,0.0,0.0,0.0,0.0,621.0,0.0,0.0,621.0
2022-08-22,0.0,0.0,0.0,0.0,0.0,0.0,0.0,0.0,0.0,0.0,633.0,0.0,15.0,648.0
2022-08-23,0.0,0.0,0.0,0.0,0.0,0.0,0.0,0.0,2758.0,813.0,0.0,0.0,1.0,3572.0
2022-08-24,1833.0,0.0,0.0,0.0,0.0,0.0,0.0,0.0,0.0,0.0,1943.0,0.0,1.0,3777.0
2022-08-25,0.0,739.0,477.0,0.0,0.0,0.0,0.0,0.0,5248.0,0.0,966.0,0.0,3.0,7433.0
2022-08-26,0.0,0.0,0.0,797.0,380.0,0.0,1384.0,0.0,665.0,0.0,749.0,0.0,2.0,3977.0
2022-08-27,0.0,0.0,0.0,0.0,0.0,0.0,0.0,0.0,0.0,0.0,748.0,0.0,0.0,748.0
2022-08-28,0.0,0.0,0.0,0.0,0.0,0.0,0.0,0.0,0.0,0.0,550.0,0.0,0.0,550.0
2022-08-29,0.0,0.0,0.0,0.0,0.0,0.0,0.0,0.0,0.0,0.0,473.0,0.0,7.0,480.0
2022-08-30,0.0,0.0,0.0,0.0,0.0,0.0,0.0,0.0,2368.0,740.0,852.0,0.0,3.0,3963.0
2022-08-31,1097.0,0.0,0.0,0.0,0.0,0.0,0.0,0.0,0.0,0.0,908.0,0.0,7.0,2012.0
2022-09-01,0.0,648.0,622.0,0.0,0.0,0.0,0.0,0.0,7197.0,0.0,946.0,0.0,7.0,9420.0
2022-09-02,0.0,0.0,0.0,712.0,301.0,0.0,1325.0,0.0,550.0,0.0,761.0,0.0,0.0,3649.0
2022-09-03,0.0,0.0,0.0,0.0,0.0,0.0,0.0,0.0,0.0,0.0,661.0,0.0,0.0,661.0
2022-09-04,0.0,0.0,0.0,0.0,0.0,0.0,0.0,0.0,0.0,0.0,474.0,0.0,0.0,474.0
2022-09-05,0.0,0.0,0.0,0.0,0.0,0.0,0.0,0.0,0.0,0.0,446.0,0.0,0.0,446.0
2022-09-06,0.0,0.0,0.0,0.0,0.0,0.0,0.0,0.0,1829.0,443.0,613.0,0.0,12.0,2897.0
2022-09-07,1067.0,0.0,0.0,0.0,0.0,0.0,0.0,0.0,0.0,0.0,924.0,0.0,1.0,1992.0
2022-09-08,0.0,618.0,475.0,0.0,0.0,0.0,0.0,0.0,5006.0,0.0,905.0,0.0,4.0,7008.0
2022-09-09,0.0,0.0,0.0,589.0,218.0,0.0,1078.0,0.0,559.0,0.0,875.0,0.0,1.0,3320.0
2022-09-10,0.0,0.0,0.0,0.0,0.0,0.0,0.0,0.0,0.0,0.0,637.0,0.0,0.0,637.0
2022-09-11,0.0,0.0,0.0,0.0,0.0,0.0,0.0,0.0,0.0,0.0,0.0,0.0,0.0,0.0
2022-09-12,0.0,0.0,0.0,0.0,0.0,0.0,0.0,0.0,0.0,0.0,1114.0,0.0,5.0,1119.0
2022-09-13,0.0,0.0,0.0,0.0,0.0,0.0,0.0,0.0,2112.0,456.0,902.0,0.0,1.0,3471.0
2022-09-14,1077.0,0.0,0.0,0.0,0.0,0.0,0.0,0.0,0.0,0.0,0.0,0.0,1.0,1078.0
2022-09-15,0.0,574.0,342.0,0.0,0.0,0.0,0.0,0.0,5396.0,0.0,1697.0,0.0,2.0,8011.0
2022-09-16,0.0,0.0,0.0,575.0,117.0,0.0,1091.0,0.0,486.0,0.0,731.0,1932.0,1.0,4933.0
2022-09-17,0.0,0.0,0.0,0.0,0.0,0.0,0.0,0.0,0.0,0.0,614.0,0.0,0.0,614.0
2022-09-18,0.0,0.0,0.0,0.0,0.0,0.0,0.0,0.0,0.0,0.0,460.0,0.0,0.0,460.0
2022-09-19,0.0,0.0,0.0,0.0,0.0,0.0,0.0,0.0,0.0,0.0,584.0,0.0,0.0,584.0
2022-09-20,0.0,0.0,0.0,0.0,0.0,0.0,0.0,0.0,2828.0,360.0,933.0,0.0,11.0,4132.0
2022-09-21,1179.0,0.0,0.0,0.0,0.0,0.0,0.0,0.0,0.0,0.0,915.0,0.0,6.0,2100.0
2022-09-22,0.0,638.0,377.0,0.0,0.0,0.0,0.0,0.0,5540.0,0.0,929.0,0.0,1.0,7485.0
2022-09-23,0.0,0.0,0.0,586.0,134.0,0.0,962.0,0.0,555.0,0.0,823.0,0.0,3.0,3063.0
2022-09-24,0.0,0.0,0.0,0.0,0.0,0.0,0.0,0.0,0.0,0.0,733.0,0.0,0.0,733.0
2022-09-25,0.0,0.0,0.0,0.0,0.0,0.0,0.0,0.0,0.0,0.0,621.0,0.0,0.0,621.0
2022-09-26,0.0,0.0,0.0,0.0,0.0,0.0,0.0,0.0,0.0,0.0,617.0,0.0,8.0,625.0
2022-09-27,0.0,0.0,0.0,0.0,0.0,0.0,0.0,0.0,2240.0,0.0,943.0,0.0,4.0,3187.0
2022-09-28,1532.0,0.0,0.0,0.0,0.0,0.0,0.0,0.0,0.0,0.0,1130.0,0.0,2.0,2664.0
2022-09-29,0.0,634.0,286.0,0.0,0.0,0.0,0.0,0.0,6194.0,0.0,1037.0,0.0,3.0,8154.0
2022-09-30,0.0,0.0,0.0,0.0,0.0,0.0,0.0,0.0,0.0,0.0,886.0,0.0,0.0,886.0
2022-10-01,0.0,0.0,0.0,0.0,0.0,0.0,0.0,0.0,0.0,0.0,845.0,0.0,0.0,845.0
2022-10-02,0.0,0.0,0.0,0.0,0.0,0.0,0.0,0.0,0.0,0.0,598.0,0.0,0.0,598.0
2022-10-03,0.0,0.0,0.0,558.0,163.0,0.0,963.0,0.0,0.0,0.0,712.0,0.0,10.0,2406.0
2022-10-04,0.0,0.0,0.0,0.0,0.0,0.0,0.0,0.0,2729.0,637.0,973.0,0.0,4.0,4343.0
2022-10-05,0.0,0.0,0.0,0.0,0.0,0.0,0.0,0.0,0.0,0.0,1083.0,0.0,2.0,1085.0
2022-10-06,0.0,699.0,305.0,0.0,0.0,0.0,0.0,0.0,6517.0,0.0,1035.0,0.0,2.0,8558.0
2022-10-07,0.0,0.0,0.0,596.0,212.0,0.0,1124.0,0.0,343.0,0.0,1016.0,0.0,0.0,3291.0
